Algorithm,Time
baseline_degree_mix_mass_6_SF_10_12_L2_drop0.3_S1,515.3237
baseline_degree_mix_mass_6_HY_10_12_L2_drop0.3_S1,450.7496
baseline_degree_mix_mass_6_SF_10_HY_10_12_L2_drop0.3_S1,1006.5083
baseline_degree_mix_mass_6_SF_10_Dir_12_L2_drop0.3_S1,457.0462
baseline_degree_mix_mass_6_HY_10_Sym_12_L2_drop0.3_S1,535.4525
baseline_degree_mix_mass_6_SF_10_HY_10_12_L2_drop0.3_E2_S1,224.1833
baseline_degree_mix_mass_6_HY_10_Dir_12_L2_drop0.3_S1,507.4021
baseline_degree_mix_mass_6_SF_10_Dir+HY_10_Dir_12_L2_drop0.3_S1,928.638
baseline_degree_mix_mass_6_SF_10_Sym+HY_10_Sym_12_L2_drop0.3_S1,979.5835
baseline_degree_mix_mass_6_SF_10_Sym_12_L2_drop0.3_S1,476.5341
baseline_degree_mix_mass_6_SF_10_Dir+SF_10_Sym+HY_10_Dir+HY_10_Sym_12_L2_drop0.3_S1,1951.6274
baseline_degree_mix_mass_6_SF_10_Dir+HY_10_Dir_12_L2_drop0.3_S1_noprep,920.3731
baseline_degree_mix_mass_6_SF_10_Dir_12_L2_drop0.3_E1_S1,47.6164
baseline_degree_mix_mass_6_sp64_ff_SF_10_Dir+HY_10_Sym_12_L2_drop0.3_S1,298.3129
baseline_degree_mix_mass_6_sp64_ff_SF_10_Dir+HY_10_Sym_64_L2_drop0.3_E30_S1,1201.1138
baseline_degree_mix_mass_6_SF_10_Dir+HY_10_Sym_12_L2_drop0.3_E2_S1,197.8307
baseline_degree_mix_mass_12_SF_10_Dir+SF_10_Sym+HY_10_Dir+HY_10_Sym_12_L2_drop0.3_S1,1958.1198
baseline_degree_mix_mass_6_pr_SF_10_Dir+SF_10_Sym+HY_10_Dir+HY_10_Sym_12_L2_drop0.3_S1,1927.6111
baseline_degree_mix_mass_6_sp16_ff_SF_10_Dir+SF_10_Sym+HY_10_Dir+HY_10_Sym_12_L2_drop0.3_S1,1952.294
baseline_ev_mix_mass_3_SF_10_Dir+SF_10_Sym+HY_10_Dir+HY_10_Sym_12_L2_drop0.3_S2,2181.4168
baseline_ev_mix_mass_3_SF_10_Dir+SF_10_Sym+HY_10_Dir+HY_10_Sym_12_L2_drop0.3_S1,2203.3189
baseline_ev_mix_mass_3_SF_10_Dir+SF_10_Sym+HY_10_Dir+HY_10_Sym_12_L2_drop0.3_S3,2215.6979
baseline_degree_mix_mass_3_SF_10_Dir+SF_10_Sym+HY_10_Dir+HY_10_Sym_12_L0_drop0.3_S1,1688.2051
baseline_degree_mix_mass_3_SF_10_Dir+SF_10_Sym+HY_10_Dir+HY_10_Sym_12_L0_drop0.3_S2,1689.6182
baseline_degree_mix_mass_3_SF_10_Dir+SF_10_Sym+HY_10_Dir+HY_10_Sym_12_L0_drop0.3_S3,1697.0695
baseline_degree_mix_mass_12_SF_10_Dir+SF_10_Sym+HY_10_Dir+HY_10_Sym_96_drop0.3_S3,1796.905
baseline_degree_mix_mass_12_SF_10_Dir+SF_10_Sym+HY_10_Dir+HY_10_Sym_96_drop0.3_S1,2049.9753
baseline_degree_mix_mass_12_SF_10_Dir+SF_10_Sym+HY_10_Dir+HY_10_Sym_96_drop0.3_S2,5013.4683
baseline_degree_mix_mass_3_SF_10_Dir+SF_10_Sym+HY_10_Dir+HY_10_Sym_12_L2_drop0.3_S2_ed0.1,2521.8321
baseline_degree_mix_mass_3_SF_10_Dir+SF_10_Sym+HY_10_Dir+HY_10_Sym_12_L2_drop0.3_S2_ed0.1,2499.0869
baseline_degree_mix_mass_3_SF_10_Dir+SF_10_Sym+HY_10_Dir+HY_10_Sym_12_L2_drop0.3_S2_ed0.2,2543.9634
baseline_degree_mix_mass_3_SF_10_Dir+SF_10_Sym+HY_10_Dir+HY_10_Sym_12_drop0.3_S2_ed0.2,2699.0751
baseline_degree_mix_mass_3_SF_10_Dir+SF_10_Sym+HY_10_Dir+HY_10_Sym_12_drop0.3_S2,2061.1941
baseline_degree_mix_mass_3_SF_10_Dir+SF_10_Sym+HY_10_Dir+HY_10_Sym_12_L6_drop0.3_S2_ed0.2,2383.4207
baseline_degree_mix_mass_3_SF_10_Dir+SF_10_Sym+HY_10_Dir+HY_10_Sym_12_drop0.3_S2_ed0.1,3277.9965
baseline_degree_mix_mass_3_SF_10_Dir+SF_10_Sym+HY_10_Dir+HY_10_Sym_12_L6_drop0.3_S2_ed0.1,3249.2044
abcde_degree_mix_mass_3_SF_10_Dir+SF_10_Sym+HY_10_Dir+HY_10_Sym_64_drop0.3_S1,3087.5778
baseline_degree_mix_mass_3_SF_10_Dir+SF_10_Sym+HY_10_Dir+HY_10_Sym_64_drop0.3_S1,3458.3344
baseline_degree_mix_mass_3_SF_10_Dir+SF_10_Sym+HY_10_mNN+HY_10_Sym_12_L2_drop0.3_S2,1371.895
abcde_degree_mix_mass_3_SF_10_Dir+SF_10_Sym+HY_10_Dir+HY_10_Sym_64_drop0.3_S3,3086.6877
baseline_degree_mix_mass_3_SF_10_Dir+SF_10_Sym+HY_10_mNN+HY_10_Sym_12_L2_drop0.3_S3,1757.8716
baseline_degree_mix_mass_3_SF_10_Dir+SF_10_Sym+HY_10_mNN+HY_10_Sym_12_L2_drop0.3_S1,2707.1357
baseline_degree_mix_mass_3_SF_10_Dir+SF_10_Sym+HY_10_Dir+HY_10_Sym_64_drop0.3_S3,6491.1924
abcde_degree_mix_mass_3_SF_10_Dir+SF_10_Sym+HY_10_Dir+HY_10_Sym_64_drop0.3_S2,1044.5403
baseline_degree_mix_mass_3_SF_10_Dir+SF_10_Sym+HY_10_Dir+HY_10_Sym_64_drop0.3_S2,2301.1549
baseline_degree_mix_mass_3_SF_10_Dir_12_L2_drop0.3_S1,321.2487
baseline_degree_mix_mass_3_SF_10_Sym_12_L2_drop0.3_S1,546.044
baseline_degree_mix_mass_3_HY_10_Dir_12_L2_drop0.3_S2,474.8974
baseline_degree_mix_mass_3_SF_10_Dir_12_L2_drop0.3_S2,569.2903
baseline_degree_mix_mass_3_SF_10_Sym_12_L2_drop0.3_S2,609.7056
baseline_degree_mix_mass_3_SF_10_Dir_12_L2_drop0.3_S3,520.6946
baseline_degree_mix_mass_3_HY_10_Dir_12_L2_drop0.3_S1,580.9121
baseline_degree_mix_mass_3_SF_10_Sym_12_L2_drop0.3_S3,555.364
baseline_degree_mix_mass_3_HY_10_Sym_12_L2_drop0.3_S3,399.626
baseline_degree_mix_mass_3_HY_10_Dir_12_L2_drop0.3_S3,578.1447
baseline_degree_mix_mass_3_HY_10_Sym_12_L2_drop0.3_S1,989.366
baseline_degree_mix_mass_3_SF_10_Dir+HY_10_Dir_12_L2_drop0.3_S1,1143.9408
baseline_degree_mix_mass_3_SF_10_Dir+HY_10_Dir_12_L2_drop0.3_S2,993.5063
baseline_degree_mix_mass_3_SF_10_Sym+HY_10_Sym_12_L2_drop0.3_S1,1289.5567
baseline_degree_mix_mass_3_SF_10_Dir+SF_10_Sym+HY_10_Sym_12_L2_drop0.3_S2,1719.0061
baseline_degree_mix_mass_3_SF_10_Sym+HY_10_Dir+HY_10_Sym_12_L2_drop0.3_S1,1799.7522
baseline_degree_mix_mass_3_SF_10_Sym+HY_10_Dir+HY_10_Sym_12_L2_drop0.3_S2,1791.2526
baseline_degree_mix_mass_3_SF_10_Dir+SF_10_Sym+HY_10_Sym_12_L2_drop0.3_S1,1974.0091
baseline_degree_mix_mass_3_SF_10_Dir+HY_10_Dir+HY_10_Sym_12_L2_drop0.3_S1,1994.7086
baseline_degree_mix_mass_3_SF_10_Dir+HY_10_Dir+HY_10_Sym_12_L2_drop0.3_S2,781.5194
baseline_degree_mix_mass_3_SF_10_Dir+HY_10_Sym_12_L2_drop0.3_S3,568.4117
baseline_degree_mix_mass_3_SF_10_Dir+HY_10_Dir_12_L2_drop0.3_S3,1006.4808
baseline_degree_mix_mass_3_SF_10_Sym+HY_10_Dir+HY_10_Sym_12_L2_drop0.3_S3,1760.2538
baseline_degree_mix_mass_3_SF_10_Sym+HY_10_Sym_12_L2_drop0.3_S3,1291.9879
baseline_degree_mix_mass_3_SF_10_Dir+SF_10_Sym+HY_10_Sym_12_L2_drop0.3_S3,1729.2811
baseline_degree_mix_mass_3_SF_10_Dir+HY_10_Dir+HY_10_Sym_12_L2_drop0.3_S3,2035.7678
baseline_degree_mix_mass_3_SF_10_Dir+HY_10_Sym_12_L2_drop0.3_S1,1005.2899
baseline_degree_mix_mass_3_SF_10_Dir+HY_10_Sym_12_L2_drop0.3_S2,567.5138
baseline_degree_mix_mass_3_SF_10_Sym+HY_10_Sym_12_L2_drop0.3_S2,1294.8446
baseline_degree_mix_mass_6_SF_10_Dir+SF_10_Sym+HY_10_mNN_12_L2_drop0.3_S2,1649.528
baseline_degree_mix_mass_6_SF_10_Dir+SF_10_Sym+HY_10_mNN_12_L2_drop0.3_S3,1657.9394
baseline_degree_mix_mass_1_SF_10_Dir+SF_10_Sym+HY_10_Dir+HY_10_Sym_12_L2_drop0.3_S2,1936.5945
baseline_degree_mix_mass_2_SF_10_Dir+SF_10_Sym+HY_10_Dir+HY_10_Sym_12_L2_drop0.3_S1,1943.1941
baseline_degree_mix_mass_2_SF_10_Dir+SF_10_Sym+HY_10_Dir+HY_10_Sym_12_L2_drop0.3_S2,1938.7354
baseline_degree_mix_mass_6_SF_10_Dir+SF_10_Sym+HY_10_Dir+HY_10_Sym_12_L2_drop0.3_S2,2199.4554
baseline_degree_mix_mass_12_SF_10_Dir+SF_10_Sym+HY_10_Dir+HY_10_Sym_12_L2_drop0.3_S2,2247.0571
baseline_degree_mix_mass_6_SF_10_Dir+SF_10_Sym+HY_10_Dir+HY_10_Sym_12_L2_drop0.3_S3,2265.2945
baseline_degree_mix_mass_12_SF_10_Dir+SF_10_Sym+HY_10_Dir+HY_10_Sym_12_L2_drop0.3_S3,2302.8975
baseline_degree_mix_mass_1_SF_10_Dir+SF_10_Sym+HY_10_Dir+HY_10_Sym_12_L2_drop0.3_S3,2230.0786
baseline_degree_mix_independent_3_SF_10_Dir+SF_10_Sym+HY_10_Dir+HY_10_Sym_12_L2_drop0.3_S3,2550.4403
baseline_degree_mix_mass_6_SF_10_Dir+SF_10_Sym+HY_10_mNN_12_L2_drop0.3_S1,1444.4153
baseline_degree_mix_mass_2_SF_10_Dir+SF_10_Sym+HY_10_Dir+HY_10_Sym_12_L2_drop0.3_S3,1935.8947
baseline_degree_mix_independent_3_SF_10_Dir+SF_10_Sym+HY_10_Dir+HY_10_Sym_12_L2_drop0.3_S1,1640.9257
baseline_degree_mix_mass_5_SF_10_Dir+SF_10_Sym+HY_10_Dir+HY_10_Sym_12_L2_drop0.3_S3,1950.3415
baseline_degree_mix_mass_4_SF_10_Dir+SF_10_Sym+HY_10_Dir+HY_10_Sym_12_L2_drop0.3_S3,2187.1694
baseline_degree_mix_mass_5_SF_10_Dir+SF_10_Sym+HY_10_Dir+HY_10_Sym_12_L2_drop0.3_S1,2173.942
baseline_degree_mix_mass_5_SF_10_Dir+SF_10_Sym+HY_10_Dir+HY_10_Sym_12_L2_drop0.3_S2,2260.118
baseline_degree_mix_mass_1_SF_10_Dir+SF_10_Sym+HY_10_Dir+HY_10_Sym_12_L2_drop0.3_S1,2517.9874
baseline_degree_mix_mass_4_SF_10_Dir+SF_10_Sym+HY_10_Dir+HY_10_Sym_12_L2_drop0.3_S1,2238.4432
baseline_degree_mix_mass_4_SF_10_Dir+SF_10_Sym+HY_10_Dir+HY_10_Sym_12_L2_drop0.3_S2,2259.0215
baseline_degree_mix_d0d2_SF_10_Dir+SF_10_Sym+HY_10_Dir+HY_10_Sym_12_L2_drop0.3_S1,2246.0132
baseline_degree_mix_d0d2_SF_10_Dir+SF_10_Sym+HY_10_Dir+HY_10_Sym_12_L2_drop0.3_S2,2290.3054
baseline_degree_mix_independent_3_SF_10_Dir+SF_10_Sym+HY_10_Dir+HY_10_Sym_12_L2_drop0.3_S2,2239.9979
baseline_degree_mix_mass_4_SF_10_Dir+SF_10_Sym+HY_10_Dir+HY_10_Sym_12_L2_drop0.3_S2,2568.9605
baseline_degree_mix_d0d2_SF_10_Dir+SF_10_Sym+HY_10_Dir+HY_10_Sym_12_L2_drop0.3_S3,2312.5794
baseline_degree_mix_mass_4_SF_10_Dir+SF_10_Sym+HY_10_Dir+HY_10_Sym_12_L2_drop0.3_S1,1630.0484
baseline_degree_mix_mass_3_SF_10_Dir+SF_10_Sym+HY_10_Dir+HY_10_Sym_12_L2_drop0.3_S1,2215.2608
baseline_degree_mix_mass_3_SF_10_Dir+SF_10_Sym+HY_10_Dir+HY_10_Sym_12_L2_drop0.3_S1,1622.5801
baseline_degree_mix_independent_3_SF_10_Dir+SF_10_Sym+HY_10_Dir+HY_10_Sym_12_L2_drop0.3_S2,2209.6306
baseline_degree_mix_mass_3_SF_10_Dir+SF_10_Sym+HY_10_Dir+HY_10_Sym_12_L2_drop0.3_S2,1612.5281
baseline_degree_mix_mass_3_SF_10_Dir+SF_10_Sym+HY_10_Dir+HY_10_Sym_12_L2_drop0.3_S3,1605.3284
baseline_degree_mix_mass_4_SF_10_Dir+SF_10_Sym+HY_10_Dir_8_L0_drop0.3_S1,1244.2582
baseline_degree_mix_mass_4_SF_10_Dir+SF_10_Sym+HY_10_Dir_16_L0_drop0.3_S1,1206.9084
baseline_degree_mix_mass_4_SF_10_Dir+SF_10_Sym+HY_10_Dir_12_L0_drop0.3_S3,1254.7781
baseline_degree_mix_mass_4_SF_10_Dir+SF_10_Sym+HY_10_Dir_12_L0_drop0.3_S2,1255.8007
baseline_degree_mix_mass_4_SF_10_Dir+SF_10_Sym+HY_10_Dir_8_L0_drop0.3_S3,1289.9249
baseline_degree_mix_mass_4_SF_10_Dir+SF_10_Sym+HY_10_Dir_16_L0_drop0.3_S2,1247.9469
baseline_degree_mix_mass_4_SF_10_Dir+SF_10_Sym+HY_10_Dir_16_L0_drop0.3_S3,1269.4941
baseline_degree_mix_mass_4_SF_10_Dir+SF_10_Sym+HY_10_Dir_32_L0_drop0.3_S2,1242.9793
baseline_degree_mix_mass_4_SF_10_Dir+SF_10_Sym+HY_10_Dir_8_L0_drop0.3_S2,1240.5856
baseline_degree_mix_mass_4_SF_10_Dir+SF_10_Sym+HY_10_Dir_32_L0_drop0.3_S3,1294.3341
baseline_degree_mix_mass_4_SF_10_Dir+SF_10_Sym+HY_10_Dir_8_L1_drop0.3_S3,1298.4081
baseline_degree_mix_mass_4_SF_10_Dir+SF_10_Sym+HY_10_Dir_8_L1_drop0.3_S2,1330.8961
baseline_degree_mix_mass_4_SF_10_Dir+SF_10_Sym+HY_10_Dir_12_L1_drop0.3_S1,1359.3149
baseline_degree_mix_mass_4_SF_10_Dir+SF_10_Sym+HY_10_Dir_8_L1_drop0.3_S1,1439.6117
baseline_degree_mix_mass_4_SF_10_Dir+SF_10_Sym+HY_10_Dir_32_L0_drop0.3_S1,973.7149
baseline_degree_mix_mass_4_SF_10_Dir+SF_10_Sym+HY_10_Dir_12_L1_drop0.3_S3,1396.1541
baseline_degree_mix_mass_4_SF_10_Dir+SF_10_Sym+HY_10_Dir_16_L1_drop0.3_S1,1341.6016
baseline_degree_mix_mass_4_SF_10_Dir+SF_10_Sym+HY_10_Dir_16_L1_drop0.3_S2,1367.2264
baseline_degree_mix_mass_4_SF_10_Dir+SF_10_Sym+HY_10_Dir_16_L1_drop0.3_S3,1388.4965
baseline_degree_mix_mass_4_SF_10_Dir+SF_10_Sym+HY_10_Dir_32_L1_drop0.3_S1,1470.7216
baseline_degree_mix_mass_4_SF_10_Dir+SF_10_Sym+HY_10_Dir_32_L1_drop0.3_S2,1443.8752
baseline_degree_mix_mass_4_SF_10_Dir+SF_10_Sym+HY_10_Dir_32_L1_drop0.3_S3,1465.6927
baseline_degree_mix_mass_4_SF_10_Dir+SF_10_Sym+HY_10_Dir_8_L2_drop0.3_S1,1621.0767
baseline_degree_mix_mass_4_SF_10_Dir+SF_10_Sym+HY_10_Dir_8_L2_drop0.3_S2,1452.7333
baseline_degree_mix_mass_4_SF_10_Dir+SF_10_Sym+HY_10_Dir_12_L1_drop0.3_S2,1338.9175
baseline_degree_mix_mass_4_SF_10_Dir+SF_10_Sym+HY_10_Dir_16_L2_drop0.3_S1,1518.0393
baseline_degree_mix_mass_4_SF_10_Dir+SF_10_Sym+HY_10_Dir_16_L2_drop0.3_S2,1492.9014
baseline_degree_mix_mass_4_SF_10_Dir+SF_10_Sym+HY_10_Dir_8_drop0.3_S1,1177.2824
baseline_degree_mix_mass_4_SF_10_Dir+SF_10_Sym+HY_10_Dir_16_L2_drop0.3_S3,1508.456
baseline_degree_mix_mass_4_SF_10_Dir+SF_10_Sym+HY_10_Dir_32_L2_drop0.3_S1,1686.0971
baseline_degree_mix_mass_4_SF_10_Dir+SF_10_Sym+HY_10_Dir_32_L2_drop0.3_S3,1688.9267
baseline_degree_mix_mass_4_SF_10_Dir+SF_10_Sym+HY_10_Dir_32_L2_drop0.3_S2,2021.5654
baseline_degree_mix_mass_4_SF_10_Dir+SF_10_Sym+HY_10_Dir_8_L2_drop0.3_S3,1444.5053
baseline_degree_mix_mass_4_SF_10_Dir+SF_10_Sym+HY_10_Dir_8_drop0.3_S3,1635.7681
baseline_degree_mix_mass_4_SF_10_Dir+SF_10_Sym+HY_10_Dir_16_drop0.3_S3,1278.3945
baseline_degree_mix_mass_4_SF_10_Dir+SF_10_Sym+HY_10_Dir_12_drop0.3_S1,1795.4568
baseline_degree_mix_mass_4_SF_10_Dir+SF_10_Sym+HY_10_Dir_12_drop0.3_S2,1696.3787
baseline_degree_mix_mass_4_SF_10_Dir+SF_10_Sym+HY_10_Dir_16_drop0.3_S1,1496.7982
baseline_degree_mix_mass_4_SF_10_Dir+SF_10_Sym+HY_10_Dir_12_drop0.3_S3,1700.4378
baseline_degree_mix_mass_4_SF_10_Dir+SF_10_Sym+HY_10_Dir_16_drop0.3_S2,1776.3333
baseline_degree_mix_mass_4_SF_10_Dir+SF_10_Sym+HY_10_Dir_32_drop0.3_S2,2199.8623
baseline_degree_mix_mass_3_SF_10_Dir+SF_10_Sym+HY_10_Dir+HY_10_Sym_12_L2_drop0.3_S3_osl,1077.9319
baseline_degree_mix_mass_3_SF_10_Dir+SF_10_Sym+HY_10_Dir+HY_10_Sym_12_L2_drop0.3_S1_osl,1688.3719
baseline_degree_mix_mass_3_SF_10_Dir+SF_10_Sym+HY_10_Dir+HY_10_Sym_12_L2_drop0.3_S2_osl,1675.1949
baseline_degree_mix_mass_3_SF_10_Dir+SF_10_Sym+HY_10_Dir+HY_10_Sym_12_L2_drop0.3_S2_osl_nz,1048.6481
baseline_degree_mix_mass_3_SF_10_Dir+SF_10_Sym+HY_10_Dir+HY_10_Sym_12_L2_drop0.3_S1_nz,1691.4854
baseline_degree_mix_mass_3_SF_10_Dir+SF_10_Sym+HY_10_Dir+HY_10_Sym_12_L2_drop0.3_S1_osl_nz,1674.6403
baseline_degree_mix_mass_3_SF_10_Dir+SF_10_Sym+HY_10_Dir+HY_10_Sym_12_L2_drop0.3_S3_osl_nz,1716.1338
baseline_degree_mix_mass_3_SF_10_Dir+SF_10_Sym+HY_10_Dir+HY_10_Sym_12_L2_drop0.3_S2_nz,2284.0185
baseline_degree_mix_mass_4_SF_10_Dir+SF_10_Sym+HY_10_Dir_8_drop0.3_S2,1679.4208
baseline_degree_mix_mass_3_SF_10_Dir+SF_10_Sym+HY_10_Dir+HY_10_Sym_12_L2_drop0.3_S3_nz,2757.4638
baseline_degree_mix_mass_4_SF_10_Dir+SF_10_Sym+HY_10_Dir_12_L6_drop0.3_S3,531.7622
baseline_degree_mix_mass_4_SF_10_Dir+SF_10_Sym+HY_10_Dir_8_L6_drop0.3_S1,1927.3434
baseline_degree_mix_mass_4_SF_10_Dir+SF_10_Sym+HY_10_Dir_8_L6_drop0.3_S3,1582.6452
baseline_degree_mix_mass_4_SF_10_Dir+SF_10_Sym+HY_10_Dir_8_L6_drop0.3_S2,1913.1717
baseline_degree_mix_mass_4_SF_10_Dir+SF_10_Sym+HY_10_Dir_32_drop0.3_S3,2162.8836
baseline_degree_mix_mass_4_SF_10_Dir+SF_10_Sym+HY_10_Dir_12_L6_drop0.3_S1,2018.4379
baseline_degree_mix_mass_4_SF_10_Dir+SF_10_Sym+HY_10_Dir_12_L6_drop0.3_S2,1962.9096
baseline_degree_mix_mass_4_SF_10_Dir+SF_10_Sym+HY_10_Dir_16_L6_drop0.3_S1,2071.8963
baseline_degree_mix_mass_4_SF_10_Dir+SF_10_Sym+HY_10_Dir_16_L6_drop0.3_S3,2592.6539
baseline_degree_mix_mass_4_SF_10_Dir+SF_10_Sym+HY_10_Dir_16_L6_drop0.3_S2,2069.1799
baseline_degree_mix_mass_3_SF_10_Dir+SF_10_Sym+HY_10_Dir+HY_10_Sym_12_L2_drop0.3_S2,2238.5381
baseline_degree_mix_mass_4_SF_10_Dir+SF_10_Sym+HY_10_Dir_32_L6_drop0.3_S3,2758.5803
baseline_degree_mix_mass_3_SF_10_Dir+SF_10_Sym+HY_10_Dir+HY_10_Sym_12_L2_drop0.3_S3,2284.454
baseline_degree_mix_mass_4_SF_10_Dir+SF_10_Sym+HY_10_Dir_32_L6_drop0.3_S2,2812.8243
baseline_degree_mix_mass_4_SF_10_Dir+SF_10_Sym+HY_10_Dir_32_drop0.3_S1,2263.5623
baseline_degree_mix_mass_4_SF_10_Dir+SF_10_Sym+HY_10_Dir_32_L6_drop0.3_S1,2926.4997
baseline_degree_mix_mass_4_SF_10_Dir+SF_10_Sym+HY_10_Dir_12_L0_drop0.3_S1,1296.6462
baseline_random_6_SF_10_Dir+HY_10_Sym_12_L2_drop0.3_S3,1357.5061
baseline_random_6_SF_10_Dir+HY_10_Sym_12_L2_drop0.3_S1,1362.0598
baseline_random_3_SF_10_Dir+HY_10_Sym_12_L2_drop0.3_S3,1500.5424
baseline_random_3_SF_10_Dir+HY_10_Sym_12_L2_drop0.3_S2,978.2894
baseline_random_3_SF_10_Dir+HY_10_Sym_12_L2_drop0.3_S1,1315.9692
baseline_random_6_SF_10_Dir+HY_10_Sym_12_L2_drop0.3_S2,1109.2807
baseline_random_3_SF_10_Dir+SF_10_Sym+HY_10_Dir+HY_10_Sym_12_L2_drop0.3_S2,2320.4939
baseline_random_3_SF_10_Dir+SF_10_Sym+HY_10_Dir+HY_10_Sym_12_L2_drop0.3_S3,2301.3595
baseline_random_3_SF_10_Dir+SF_10_Sym+HY_10_Dir+HY_10_Sym_12_L2_drop0.3_S1,2611.1291
baseline_degree_mix_mass_3_SF_10_Dir+SF_10_Sym+HY_10_Dir+HY_10_Sym_12_L2_drop0.3_S1_unshared,1618.4561
baseline_degree_mix_mass_3_SF_10_Dir+SF_10_Sym+HY_10_Dir+HY_10_Sym_12_L2_drop0.3_S3_fusioncat_mlp,1755.2377
baseline_degree_mix_mass_3_SF_10_Dir+SF_10_Sym+HY_10_Dir+HY_10_Sym_12_L2_drop0.3_S1_fusioncat_mlp,2237.1852
baseline_degree_mix_mass_3_SF_10_Dir+SF_10_Sym+HY_10_Dir+HY_10_Sym_12_L2_drop0.3_S2_unshared,2237.8535
baseline_degree_mix_mass_3_SF_10_Dir+SF_10_Sym+HY_10_Dir+HY_10_Sym_12_L2_drop0.3_S2_fusionadd,2239.9168
baseline_degree_mix_mass_3_SF_10_Dir+SF_10_Sym+HY_10_Dir+HY_10_Sym_12_L2_drop0.3_S3_unshared,2413.847
baseline_degree_mix_mass_3_SF_10_Dir+SF_10_Sym+HY_10_Dir+HY_10_Sym_12_L2_drop0.3_S2_fusioncat_mlp,2431.183
baseline_degree_mix_mass_3_SF_10_Dir+SF_10_Sym+HY_10_Dir+HY_10_Sym_12_L2_drop0.3_S3_fusionadd,2424.6104
baseline_degree_mix_mass_3_SF_10_Dir+SF_10_Sym+HY_10_Dir+HY_10_Sym_12_L2_drop0.3_S1_fusionadd,2287.6717
baseline_degree_mix_mass_3_SF_10_Dir+SF_10_Sym+HY_10_Dir_12_L2_drop0.3_S1,1071.6539
baseline_degree_mix_mass_3_SF_10_Dir+SF_10_Sym+HY_10_Dir_12_L2_drop0.3_S2,1060.5228
baseline_degree_mix_mass_3_SF_10_Dir+SF_10_Sym+HY_10_Dir_12_L2_drop0.3_S3,1073.2807
baseline_degree_mix_mass_4_SF_10_Dir+SF_10_Sym+HY_10_Dir_12_L2_drop0.3_S1,1072.1285
baseline_degree_mix_mass_4_SF_10_Dir+SF_10_Sym+HY_10_Dir_12_L2_drop0.3_S2,1064.6194
baseline_degree_mix_mass_4_SF_10_Dir+SF_10_Sym+HY_10_Dir_12_L2_drop0.3_S3,1073.5594
Original_Murata_SF_S1,3281.5492
Original_Murata_SF_S2,3281.8644
Original_Murata_SF_S3,3280.5318
baseline_degree_mix_mass_3_SF_10_Dir+SF_10_Sym+HY_10_Dir_12_L0_drop0.3_S1,1245.0645
baseline_degree_mix_mass_3_SF_10_Dir+SF_10_Sym+HY_10_Dir_8_L0_drop0.3_S1,1291.4726
baseline_degree_mix_mass_3_SF_10_Dir+SF_10_Sym+HY_10_Dir_8_L0_drop0.3_S3,1233.0969
baseline_degree_mix_mass_3_SF_10_Dir+SF_10_Sym+HY_10_Dir_12_L0_drop0.3_S2,1267.9926
baseline_degree_mix_mass_3_SF_10_Dir+SF_10_Sym+HY_10_Dir_16_L0_drop0.3_S3,1177.4136
baseline_degree_mix_mass_3_SF_10_Dir+SF_10_Sym+HY_10_Dir_12_L0_drop0.3_S3,1268.6138
baseline_degree_mix_mass_3_SF_10_Dir+SF_10_Sym+HY_10_Dir_16_L0_drop0.3_S1,1247.4123
baseline_degree_mix_mass_3_SF_10_Dir+SF_10_Sym+HY_10_Dir_16_L0_drop0.3_S2,1250.8601
baseline_degree_mix_mass_3_SF_10_Dir+SF_10_Sym+HY_10_Dir_32_L0_drop0.3_S3,1060.4184
baseline_degree_mix_mass_3_SF_10_Dir+SF_10_Sym+HY_10_Dir_8_L1_drop0.3_S1,1329.6240
baseline_degree_mix_mass_3_SF_10_Dir+SF_10_Sym+HY_10_Dir_12_L1_drop0.3_S1,1246.2543
baseline_degree_mix_mass_3_SF_10_Dir+SF_10_Sym+HY_10_Dir_8_L1_drop0.3_S2,1443.2989
baseline_degree_mix_mass_3_SF_10_Dir+SF_10_Sym+HY_10_Dir_12_L1_drop0.3_S3,1339.9547
baseline_degree_mix_mass_3_SF_10_Dir+SF_10_Sym+HY_10_Dir_16_L1_drop0.3_S1,1364.2911
baseline_degree_mix_mass_3_SF_10_Dir+SF_10_Sym+HY_10_Dir_16_L1_drop0.3_S2,1366.6293
baseline_degree_mix_mass_3_SF_10_Dir+SF_10_Sym+HY_10_Dir_16_L1_drop0.3_S3,1006.0324
baseline_degree_mix_mass_3_SF_10_Dir+SF_10_Sym+HY_10_Dir_32_L0_drop0.3_S1,1340.4091
baseline_degree_mix_mass_3_SF_10_Dir+SF_10_Sym+HY_10_Dir_32_L1_drop0.3_S1,1456.7608
baseline_degree_mix_mass_3_SF_10_Dir+SF_10_Sym+HY_10_Dir_32_L1_drop0.3_S2,1464.5294
baseline_degree_mix_mass_3_SF_10_Dir+SF_10_Sym+HY_10_Dir_32_L0_drop0.3_S2,1270.9587
baseline_degree_mix_mass_3_SF_10_Dir+SF_10_Sym+HY_10_Dir_32_L1_drop0.3_S3,1305.3262
baseline_degree_mix_mass_3_SF_10_Dir+SF_10_Sym+HY_10_Dir_12_L1_drop0.3_S2,1339.5429
baseline_degree_mix_mass_3_SF_10_Dir+SF_10_Sym+HY_10_Dir_8_L2_drop0.3_S3,1444.7059
baseline_degree_mix_mass_3_SF_10_Dir+SF_10_Sym+HY_10_Dir_8_L2_drop0.3_S2,1616.4323
baseline_degree_mix_mass_3_SF_10_Dir+SF_10_Sym+HY_10_Dir_8_L1_drop0.3_S3,1329.6604
baseline_degree_mix_mass_3_SF_10_Dir+SF_10_Sym+HY_10_Dir_12_L2_drop0.3_S1,1470.6240
baseline_degree_mix_mass_3_SF_10_Dir+SF_10_Sym+HY_10_Dir_12_L2_drop0.3_S3,1472.6044
baseline_degree_mix_mass_3_SF_10_Dir+SF_10_Sym+HY_10_Dir_12_L2_drop0.3_S2,1557.1834
baseline_degree_mix_mass_3_SF_10_Dir+SF_10_Sym+HY_10_Dir_16_L2_drop0.3_S2,1509.9630
baseline_degree_mix_mass_3_SF_10_Dir+SF_10_Sym+HY_10_Dir_8_L0_drop0.3_S2,1235.6780
baseline_degree_mix_mass_3_SF_10_Dir+SF_10_Sym+HY_10_Dir_32_L2_drop0.3_S1,1436.3890
baseline_degree_mix_mass_3_SF_10_Dir+SF_10_Sym+HY_10_Dir_32_L2_drop0.3_S2,1318.5746
baseline_degree_mix_mass_3_SF_10_Dir+SF_10_Sym+HY_10_Dir_32_L2_drop0.3_S3,1318.7431
baseline_degree_mix_mass_3_SF_10_Dir+SF_10_Sym+HY_10_Dir_8_L2_drop0.3_S1,1617.4347
baseline_degree_mix_mass_3_SF_10_Dir+SF_10_Sym+HY_10_Dir_8_drop0.3_S1,1665.2849
baseline_degree_mix_mass_3_SF_10_Dir+SF_10_Sym+HY_10_Dir_8_drop0.3_S2,1723.5446
baseline_degree_mix_mass_3_SF_10_Dir+SF_10_Sym+HY_10_Dir_8_drop0.3_S3,1655.3364
baseline_degree_mix_mass_3_SF_10_Dir+SF_10_Sym+HY_10_Dir_12_drop0.3_S2,1448.5955
baseline_degree_mix_mass_3_SF_10_Dir+SF_10_Sym+HY_10_Dir_16_drop0.3_S1,1380.6047
baseline_degree_mix_mass_3_SF_10_Dir+SF_10_Sym+HY_10_Dir_16_drop0.3_S2,1383.1736
baseline_degree_mix_mass_3_SF_10_Dir+SF_10_Sym+HY_10_Dir_16_L2_drop0.3_S3,1519.6044
baseline_degree_mix_mass_3_SF_10_Dir+SF_10_Sym+HY_10_Dir_12_drop0.3_S3,1716.7042
baseline_degree_mix_mass_3_SF_10_Dir+SF_10_Sym+HY_10_Dir_16_drop0.3_S3,2107.5084
baseline_degree_mix_mass_3_SF_10_Dir+SF_10_Sym+HY_10_Dir_16_L2_drop0.3_S1,1091.4368
baseline_degree_mix_mass_3_SF_10_Dir+SF_10_Sym+HY_10_Dir_32_drop0.3_S1,2221.0741
baseline_degree_mix_mass_3_SF_10_Dir+SF_10_Sym+HY_10_Dir_8_L6_drop0.3_S1,1901.4586
baseline_degree_mix_mass_3_SF_10_Dir+SF_10_Sym+HY_10_Dir_12_drop0.3_S1,1470.5828
baseline_degree_mix_mass_3_SF_10_Dir+SF_10_Sym+HY_10_Dir_32_drop0.3_S2,2169.7970
baseline_degree_mix_mass_3_SF_10_Dir+SF_10_Sym+HY_10_Dir_12_L6_drop0.3_S3,1961.9207
baseline_degree_mix_mass_3_SF_10_Dir+SF_10_Sym+HY_10_Dir_12_L6_drop0.3_S2,1998.4042
baseline_degree_mix_mass_3_SF_10_Dir+SF_10_Sym+HY_10_Dir_16_L6_drop0.3_S1,1565.0345
baseline_degree_mix_mass_3_SF_10_Dir+SF_10_Sym+HY_10_Dir_12_L6_drop0.3_S1,2392.5461
baseline_degree_mix_mass_3_SF_10_Dir+SF_10_Sym+HY_10_Dir_16_L6_drop0.3_S2,2138.8918
baseline_degree_mix_mass_3_SF_10_Dir+SF_10_Sym+HY_10_Dir_16_L6_drop0.3_S3,2162.3429
baseline_degree_mix_mass_3_SF_10_Dir+SF_10_Sym+HY_10_Dir_32_L6_drop0.3_S3,2000.3370
baseline_degree_mix_mass_3_SF_10_Dir+SF_10_Sym+HY_10_Dir_12_L2_drop0.0_S1,1455.0147
baseline_degree_mix_mass_3_SF_10_Dir+SF_10_Sym+HY_10_Dir_32_L6_drop0.3_S1,2782.4858
baseline_degree_mix_mass_3_SF_10_Dir+SF_10_Sym+HY_10_Dir_32_drop0.3_S3,2178.9323
baseline_degree_mix_mass_3_SF_10_Dir+SF_10_Sym+HY_10_Dir_12_L2_drop0.0_S2,1621.1045
baseline_degree_mix_mass_3_SF_10_Dir+SF_10_Sym+HY_10_Dir_12_L2_drop0.1_S1,1315.3302
baseline_degree_mix_mass_3_SF_10_Dir+SF_10_Sym+HY_10_Dir_12_L2_drop0.2_S1,1075.7118
baseline_degree_mix_mass_3_SF_10_Dir+SF_10_Sym+HY_10_Dir_12_L2_drop0.1_S2,1461.8710
baseline_degree_mix_mass_3_SF_10_Dir+SF_10_Sym+HY_10_Dir_12_L2_drop0.2_S2,1468.3812
baseline_degree_mix_mass_3_SF_10_Dir+SF_10_Sym+HY_10_Dir_8_L6_drop0.3_S2,1411.5777
baseline_degree_mix_mass_3_SF_10_Dir+SF_10_Sym+HY_10_Dir_12_L2_drop0.5_S2,433.6963
baseline_degree_mix_mass_3_SF_10_Dir+SF_10_Sym+HY_10_Dir_12_L2_drop0.2_S3,1468.0730
baseline_degree_mix_mass_3_SF_10_Dir+SF_10_Sym+HY_10_Dir_12_L2_drop0.4_S2,1078.1280
baseline_degree_mix_mass_3_SF_10_Dir+SF_10_Sym+HY_10_Dir_12_L2_drop0.0_S3,1311.8448
baseline_degree_mix_mass_3_SF_10_Dir+SF_10_Sym+HY_10_Dir_32_L6_drop0.3_S2,2932.1429
baseline_degree_mix_mass_3_SF_10_Dir+SF_10_Sym+HY_10_Dir_12_L2_drop0.4_S3,1654.1607
baseline_degree_mix_mass_3_SF_10_Dir+SF_10_Sym+HY_10_Dir_12_L2_drop0.4_S1,381.6590
baseline_degree_mix_mass_3_SF_10_Dir+SF_10_Sym+HY_10_Dir_12_L2_drop0.1_S3,1461.8483
baseline_degree_mix_mass_3_SF_10_Dir+SF_10_Sym+HY_10_Dir_12_L2_drop0.5_S3,1479.8820
baseline_degree_mix_mass_3_SF_10_Dir+SF_10_Sym+HY_10_Dir_12_L2_drop0.5_S1,1644.3676
baseline_degree_mix_mass_3_SF_10_Dir+SF_10_Sym+HY_10_Dir_8_L6_drop0.3_S3,2247.3565
baseline_degree_mix_mass_3_SF_10_Dir+SF_10_SymBA+HY_10_Dir_12_L2_drop0.1_S2,1745.5662
baseline_degree_mix_mass_3_SF_10_Dir+SF_10_SymBA+HY_10_Dir_12_L2_drop0.1_S3,1137.8150
baseline_degree_mix_mass_3_SF_10_Dir+SF_10_SymBA+HY_10_Dir_12_L2_drop0.1_S1,1745.4102
baseline_degree_mix_mass_3_SF_10_Dir+SF_10_Sym+HY_10_mNN_12_L2_drop0.3_S2,1175.2830
baseline_degree_mix_mass_3_SF_10_Dir+SF_10_Sym+HY_10_mNN_12_L2_drop0.3_S1,1201.0675
baseline_degree_mix_mass_3_SF_10_Dir+SF_10_SymBA+HY_10_Dir_12_L2_drop0.3_S2,1117.8339
baseline_degree_mix_mass_3_SF_10_Dir+SF_10_Sym+HY_10_mNN_12_L2_drop0.3_S3,1291.3122
baseline_degree_mix_mass_3_SF_10_Dir+SF_10_SymBA+HY_10_Dir_12_L2_drop0.3_S1,1495.6989
baseline_degree_mix_mass_3_SF_10_Dir+SF_10_SymBA+HY_10_Dir_12_L2_drop0.3_S3,1638.8995
baseline_degree_mix_mass_1_SF_10_Dir+SF_10_Sym+HY_10_Dir_12_L2_drop0.1_S1,1165.9984
baseline_degree_mix_mass_3_SF_10_Dir+SF_10_Sym+HY_10_Dir_12_L2_drop0.1_S2,1456.0468
baseline_degree_mix_mass_2_SF_10_Dir+SF_10_Sym+HY_10_Dir_12_L2_drop0.1_S2,1474.9588
baseline_degree_mix_mass_4_SF_10_Dir+SF_10_Sym+HY_10_Dir_12_L2_drop0.1_S1,1459.0291
baseline_degree_mix_mass_2_SF_10_Dir+SF_10_Sym+HY_10_Dir_12_L2_drop0.1_S3,1469.1435
baseline_degree_mix_mass_3_SF_10_Dir+SF_10_Sym+HY_10_Dir_12_L2_drop0.1_S3,1488.1499
baseline_degree_mix_mass_4_SF_10_Dir+SF_10_Sym+HY_10_Dir_12_L2_drop0.1_S2,1490.7881
baseline_degree_mix_mass_4_SF_10_Dir+SF_10_Sym+HY_10_Dir_12_L2_drop0.1_S3,1496.3024
baseline_degree_mix_mass_2_SF_10_Dir+SF_10_Sym+HY_10_Dir_12_L2_drop0.1_S1,1657.7371
baseline_degree_mix_mass_1_SF_10_Dir+SF_10_Sym+HY_10_Dir_12_L2_drop0.1_S2,1434.5923
baseline_degree_mix_mass_3_SF_10_Dir+SF_10_Sym+HY_10_Dir_12_L2_drop0.1_S2,1321.9890
baseline_degree_mix_mass_3_SF_10_Dir+SF_10_Sym+HY_10_Dir_12_L2_drop0.1_S1,394.0538
baseline_degree_mix_mass_3_SF_10_Dir+SF_10_Sym+HY_10_Dir_12_L2_drop0.1_S3,388.4717
baseline_degree_mix_mass_1_SF_10_Dir+SF_10_Sym+HY_10_Dir_12_L2_drop0.3_S2,1050.9093
baseline_degree_mix_mass_1_SF_10_Dir+SF_10_Sym+HY_10_Dir_12_L2_drop0.1_S3,1308.0740
baseline_degree_mix_mass_2_SF_10_Dir+SF_10_Sym+HY_10_Dir_12_L2_drop0.3_S3,1472.0881
baseline_degree_mix_mass_4_SF_10_Dir+SF_10_Sym+HY_10_Dir_12_L2_drop0.3_S1,1482.1313
baseline_degree_mix_mass_4_SF_10_Dir+SF_10_Sym+HY_10_Dir_12_L2_drop0.3_S2,1501.4203
baseline_degree_mix_mass_4_SF_10_Dir+SF_10_Sym+HY_10_Dir_12_L2_drop0.3_S3,1482.5530
baseline_degree_mix_mass_2_SF_10_Dir+SF_10_Sym+HY_10_Dir_12_L2_drop0.3_S1,1638.2548
baseline_degree_mix_mass_2_SF_10_Dir+SF_10_Sym+HY_10_Dir_12_L2_drop0.3_S2,1649.7432
baseline_degree_mix_mass_1_SF_10_Dir+SF_10_Sym+HY_10_Dir_12_L2_drop0.3_S1,1305.2626
baseline_degree_mix_mass_1_SF_10_Dir+SF_10_Sym+HY_10_Dir_12_L2_drop0.3_S3,1457.2364
baseline_degree_mix_mass_3_SF_10_Dir+SF_10_Sym+HY_10_Dir_12_L2_drop0.1_S1,1560.6532
baseline_degree_mix_mass_5_SF_10_Dir+SF_10_Sym+HY_10_Dir_12_L2_drop0.3_S1,1177.1531
baseline_degree_mix_independent_3_SF_10_Dir+SF_10_Sym+HY_10_Dir_12_L2_drop0.3_S1,1329.1833
baseline_degree_mix_independent_3_SF_10_Dir+SF_10_Sym+HY_10_Dir_12_L2_drop0.3_S3,1326.9041
baseline_degree_mix_mass_6_SF_10_Dir+SF_10_Sym+HY_10_Dir_12_L2_drop0.3_S1,1476.5592
baseline_degree_mix_mass_12_SF_10_Dir+SF_10_Sym+HY_10_Dir_12_L2_drop0.3_S1,1484.4834
baseline_degree_mix_mass_6_SF_10_Dir+SF_10_Sym+HY_10_Dir_12_L2_drop0.3_S2,1482.2756
baseline_degree_mix_mass_12_SF_10_Dir+SF_10_Sym+HY_10_Dir_12_L2_drop0.3_S3,1504.9365
baseline_degree_mix_mass_12_SF_10_Dir+SF_10_Sym+HY_10_Dir_12_L2_drop0.3_S2,1540.0947
baseline_degree_mix_independent_3_SF_10_Dir+SF_10_Sym+HY_10_Dir_12_L2_drop0.3_S2,1478.4854
baseline_degree_mix_mass_5_SF_10_Dir+SF_10_Sym+HY_10_Dir_12_L2_drop0.3_S3,1660.3595
baseline_random_3_SF_10_Dir+SF_10_Sym+HY_10_Dir_12_L2_drop0.3_S2,1618.8444
baseline_degree_mix_mass_5_SF_10_Dir+SF_10_Sym+HY_10_Dir_12_L2_drop0.3_S2,1479.2174
baseline_random_3_SF_10_Dir+SF_10_Sym+HY_10_Dir_12_L2_drop0.3_S1,1705.4191
baseline_degree_mix_mass_3_HY_10_Sym_12_L2_drop0.3_S2,670.1672
baseline_random_3_SF_10_Dir+SF_10_Sym+HY_10_Dir_12_L2_drop0.3_S3,1487.8824
baseline_degree_mix_mass_6_SF_10_Dir+SF_10_Sym+HY_10_Dir_12_L2_drop0.3_S3,1176.0751
baseline_degree_mix_mass_6_SF_10_Dir+SF_10_Sym+HY_10_Dir_12_L2_drop0.2_S3,1446.7624
baseline_degree_mix_mass_6_SF_10_Dir+SF_10_Sym+HY_10_Dir_12_L2_drop0.1_S1,1472.5154
baseline_degree_mix_mass_6_SF_10_Dir+SF_10_Sym+HY_10_Dir_12_L2_drop0.2_S2,1454.2901
baseline_degree_mix_mass_6_SF_10_Dir+SF_10_Sym+HY_10_Dir_12_L2_drop0.1_S3,1484.9700
baseline_degree_mix_mass_6_SF_10_Dir+SF_10_Sym+HY_10_Dir_12_L2_drop0.5_S2,1322.3193
baseline_degree_mix_mass_6_SF_10_Dir+SF_10_Sym+HY_10_Dir_12_L2_drop0.2_S1,1500.0743
baseline_degree_mix_mass_6_SF_10_Dir+SF_10_Sym+HY_10_Dir_12_L2_drop0.5_S1,1333.4264
baseline_degree_mix_mass_6_SF_10_Dir+SF_10_Sym+HY_10_Dir_12_L2_drop0.4_S1,1497.8827
baseline_degree_mix_mass_6_SF_10_Dir+SF_10_Sym+HY_10_Dir_12_L2_drop0.4_S2,1480.3587
baseline_degree_mix_mass_6_SF_10_Dir+SF_10_Sym+HY_10_Dir_12_L2_drop0.0_S3,1637.6914
baseline_degree_mix_mass_6_SF_10_Dir+SF_10_Sym+HY_10_Dir_12_L2_drop0.4_S3,1495.5897
baseline_degree_mix_mass_6_SF_10_Dir+SF_10_Sym+HY_10_Dir_12_L2_drop0.0_S2,1315.5549
baseline_degree_mix_mass_6_SF_10_Dir+SF_10_Sym+HY_10_Dir_12_L2_drop0.5_S3,1348.7896
baseline_degree_mix_mass_6_SF_10_Dir+SF_10_Sym+HY_10_Dir_12_L2_drop0.0_S1,1459.6938
baseline_degree_mix_mass_6_SF_10_Dir+SF_10_Sym+HY_10_Dir_12_L2_drop0.1_S2,1540.3043
baseline_degree_mix_mass_6_SF_10_Dir+SF_10_Sym+HY_10_Dir_12_L2_drop0.3_S2_fusioncat_mlp,1067.4741
baseline_degree_mix_mass_6_SF_10_Dir+SF_10_Sym+HY_10_Dir_12_L2_drop0.3_S3_fusioncat_mlp,1332.8441
baseline_degree_mix_mass_6_SF_10_Dir+SF_10_Sym+HY_10_Dir_12_L2_drop0.3_S1_fusionadd,1478.9408
baseline_degree_mix_mass_6_SF_10_Dir+SF_10_Sym+HY_10_Dir_12_L2_drop0.3_S3_unshared,1483.1643
baseline_degree_mix_mass_6_SF_10_Dir+SF_10_Sym+HY_10_Dir_12_L2_drop0.3_S1_unshared,1532.4328
baseline_degree_mix_mass_6_SF_10_Dir+SF_10_Sym+HY_10_Dir_12_L2_drop0.3_S3_fusionadd,1505.4424
baseline_degree_mix_mass_6_SF_10_Dir+SF_10_Sym+HY_10_Dir_12_L2_drop0.3_S1_fusioncat_mlp,1493.5067
baseline_degree_mix_mass_6_SF_10_Dir+SF_10_Sym+HY_10_Dir_12_L2_drop0.3_S2_unshared,1664.6956
baseline_degree_mix_mass_6_SF_10_Dir+SF_10_Sym+HY_10_Dir_8_L0_drop0.3_S3,1109.9069
baseline_degree_mix_mass_6_SF_10_Dir+SF_10_Sym+HY_10_Dir_8_L0_drop0.3_S2,1174.1034
baseline_degree_mix_mass_6_SF_10_Dir+SF_10_Sym+HY_10_Dir_8_L0_drop0.3_S1,1209.2840
baseline_degree_mix_mass_6_SF_10_Dir+SF_10_Sym+HY_10_Dir_12_L0_drop0.3_S2,1037.6429
baseline_degree_mix_mass_6_SF_10_Dir+SF_10_Sym+HY_10_Dir_12_L0_drop0.3_S1,1324.1451
baseline_degree_mix_mass_6_SF_10_Dir+SF_10_Sym+HY_10_Dir_12_L0_drop0.3_S3,937.8250
baseline_degree_mix_mass_6_SF_10_Dir+SF_10_Sym+HY_10_Dir_16_L0_drop0.3_S2,1188.6466
baseline_degree_mix_mass_6_SF_10_Dir+SF_10_Sym+HY_10_Dir_16_L0_drop0.3_S1,1255.6465
baseline_degree_mix_mass_6_SF_10_Dir+SF_10_Sym+HY_10_Dir_16_L0_drop0.3_S3,1259.8134
baseline_degree_mix_mass_6_SF_10_Dir+SF_10_Sym+HY_10_Dir_32_L0_drop0.3_S1,1331.0520
baseline_degree_mix_mass_6_SF_10_Dir+SF_10_Sym+HY_10_Dir_32_L0_drop0.3_S2,1313.8976
baseline_degree_mix_mass_6_SF_10_Dir+SF_10_Sym+HY_10_Dir_32_L0_drop0.3_S3,1398.7816
baseline_degree_mix_mass_6_SF_10_Dir+SF_10_Sym+HY_10_Dir_8_L1_drop0.3_S1,1352.3248
baseline_degree_mix_mass_6_SF_10_Dir+SF_10_Sym+HY_10_Dir_8_L1_drop0.3_S2,1187.1198
baseline_degree_mix_mass_6_SF_10_Dir+SF_10_Sym+HY_10_Dir_12_L1_drop0.3_S3,987.7280
baseline_degree_mix_mass_6_SF_10_Dir+SF_10_Sym+HY_10_Dir_8_L1_drop0.3_S3,1303.6097
baseline_degree_mix_mass_6_SF_10_Dir+SF_10_Sym+HY_10_Dir_16_L1_drop0.3_S1,1124.9540
baseline_degree_mix_mass_6_SF_10_Dir+SF_10_Sym+HY_10_Dir_12_L1_drop0.3_S2,1253.4636
baseline_degree_mix_mass_6_SF_10_Dir+SF_10_Sym+HY_10_Dir_12_L1_drop0.3_S1,1412.2538
baseline_degree_mix_mass_6_SF_10_Dir+SF_10_Sym+HY_10_Dir_16_L1_drop0.3_S2,1268.4863
baseline_degree_mix_mass_6_SF_10_Dir+SF_10_Sym+HY_10_Dir_16_L1_drop0.3_S3,1367.9511
baseline_degree_mix_mass_6_SF_10_Dir+SF_10_Sym+HY_10_Dir_16_L2_drop0.3_S1,1098.8426
baseline_degree_mix_mass_6_SF_10_Dir+SF_10_Sym+HY_10_Dir_32_L1_drop0.3_S1,1471.4662
baseline_degree_mix_mass_6_SF_10_Dir+SF_10_Sym+HY_10_Dir_32_L1_drop0.3_S2,1470.4833
baseline_degree_mix_mass_6_SF_10_Dir+SF_10_Sym+HY_10_Dir_8_L2_drop0.3_S3,1262.0479
baseline_degree_mix_mass_6_SF_10_Dir+SF_10_Sym+HY_10_Dir_32_L1_drop0.3_S3,1475.8052
baseline_degree_mix_mass_6_SF_10_Dir+SF_10_Sym+HY_10_Dir_8_L2_drop0.3_S2,1470.2412
baseline_degree_mix_mass_6_SF_10_Dir+SF_10_Sym+HY_10_Dir_8_L2_drop0.3_S1,1629.0054
baseline_degree_mix_mass_6_SF_10_Dir+SF_10_Sym+HY_10_Dir_16_L2_drop0.3_S3,1195.7588
baseline_degree_mix_mass_6_SF_10_Dir+SF_10_Sym+HY_10_Dir_16_L2_drop0.3_S2,1480.0727
baseline_degree_mix_mass_6_SF_10_Dir+SF_10_Sym+HY_10_Dir_32_L2_drop0.3_S1,1451.0005
baseline_degree_mix_mass_6_SF_10_Dir+SF_10_Sym+HY_10_Dir_32_L2_drop0.3_S2,1860.2398
baseline_degree_mix_mass_6_SF_10_Dir+SF_10_Sym+HY_10_Dir_8_drop0.3_S2,1190.5279
baseline_degree_mix_mass_6_SF_10_Dir+SF_10_Sym+HY_10_Dir_32_L2_drop0.3_S3,1437.5197
baseline_degree_mix_mass_6_SF_10_Dir+SF_10_Sym+HY_10_Dir_8_drop0.3_S1,1679.0999
baseline_degree_mix_mass_6_SF_10_Dir+SF_10_Sym+HY_10_Dir_12_drop0.3_S2,1417.6358
baseline_degree_mix_mass_6_SF_10_Dir+SF_10_Sym+HY_10_Dir_8_drop0.3_S3,1688.2651
baseline_degree_mix_mass_6_SF_10_Dir+SF_10_Sym+HY_10_Dir_12_drop0.3_S1,1797.7711
baseline_degree_mix_mass_6_SF_10_Dir+SF_10_Sym+HY_10_Dir_12_drop0.3_S3,1731.0382
baseline_degree_mix_mass_6_SF_10_Dir+SF_10_Sym+HY_10_Dir_16_drop0.3_S1,1861.8807
baseline_degree_mix_mass_6_SF_10_Dir+SF_10_Sym+HY_10_Dir_32_drop0.3_S1,1633.2006
baseline_degree_mix_mass_6_SF_10_Dir+SF_10_Sym+HY_10_Dir_16_drop0.3_S3,1784.0057
baseline_degree_mix_mass_6_SF_10_Dir+SF_10_Sym+HY_10_Dir_16_drop0.3_S2,2108.3795
baseline_degree_mix_mass_6_SF_10_Dir+SF_10_Sym+HY_10_Dir_32_drop0.3_S2,1706.9145
baseline_degree_mix_mass_6_SF_10_Dir+SF_10_Sym+HY_10_Dir_8_L6_drop0.3_S1,1317.5080
baseline_degree_mix_mass_6_SF_10_Dir+SF_10_Sym+HY_10_Dir_8_L6_drop0.3_S2,1577.3942
baseline_degree_mix_mass_6_SF_10_Dir+SF_10_Sym+HY_10_Dir_8_L6_drop0.3_S3,1920.7270
baseline_degree_mix_mass_6_SF_10_Dir+SF_10_Sym+HY_10_Dir_32_drop0.3_S3,2615.0709
baseline_degree_mix_mass_6_SF_10_Dir+SF_10_Sym+HY_10_Dir_12_L6_drop0.3_S1,2141.3700
baseline_degree_mix_mass_6_SF_10_Dir+SF_10_Sym+HY_10_Dir_12_L6_drop0.3_S3,1486.4585
baseline_degree_mix_mass_6_SF_10_Dir+SF_10_Sym+HY_10_Dir_16_L6_drop0.3_S2,1693.2895
baseline_degree_mix_mass_6_SF_10_Dir+SF_10_Sym+HY_10_Dir_16_L6_drop0.3_S3,1560.8453
baseline_degree_mix_mass_6_SF_10_Dir+SF_10_Sym+HY_10_Dir_12_L6_drop0.3_S2,1988.1585
baseline_degree_mix_mass_6_SF_10_Dir+SF_10_Sym+HY_10_Dir_16_L6_drop0.3_S1,2083.9085
baseline_degree_mix_mass_6_SF_10_Dir+SF_10_Sym+HY_10_Dir_32_L6_drop0.3_S3,2019.6517
baseline_degree_mix_mass_6_SF_10_Dir+SF_10_Sym+HY_10_Dir_32_L6_drop0.3_S2,3418.8166
baseline_degree_mix_mass_6_SF_10_Dir+SF_10_Sym+HY_10_Dir_32_L6_drop0.3_S1,2845.4475
baseline_degree_mix_mass_6_SF_10_Dir+SF_10_Sym+HY_10_Dir_12_L2_drop0.3_S2_fusionadd,1489.9124
baseline_degree_mix_independent_6_SF_10_Dir+SF_10_Sym+HY_10_Dir_12_L2_drop0.3_S1,1534.3550
baseline_random_6_SF_10_Dir+SF_10_Sym+HY_10_Dir_12_L2_drop0.3_S3,1608.2771
baseline_degree_mix_independent_6_SF_10_Dir+SF_10_Sym+HY_10_Dir_12_L2_drop0.3_S3,1678.2151
baseline_degree_mix_independent_6_SF_10_Dir+SF_10_Sym+HY_10_Dir_12_L2_drop0.3_S2,1482.6402
baseline_random_6_SF_10_Dir+SF_10_Sym+HY_10_Dir_12_L2_drop0.3_S1,1782.4472
baseline_random_6_SF_10_Dir+SF_10_Sym+HY_10_Dir_12_L2_drop0.3_S2,1577.0828
