Algorithm,amazon,cit-Patents,com-lj,com-youtube,dblp,p2p-Gnutella31,email-EuAll,soc-Epinions1,soc-LiveJournal1,soc-Pokec,soc-Slashdot0902,web-Google,wiki-Talk,wiki-topcats
baseline_degree_mix_mass_3_SF_10_Dir+HY_10_Dir+HY_10_Sym_12_L2_drop0.3_S2,27.5999,49.8504,56.546,14.5486,50.9607,0.7997,3.2923,0.9852,66.8252,23.3367,1.1016,11.1784,29.8414,25.1312
baseline_degree_mix_mass_3_SF_10_Dir+HY_10_Sym_12_L2_drop0.3_S3,27.5999,49.8504,56.546,14.5486,50.9607,0.7997,3.2923,0.9852,66.8252,23.3367,1.1016,11.1784,29.8414,25.1312
baseline_degree_mix_mass_3_SF_10_Dir+HY_10_Dir_12_L2_drop0.3_S3,27.5999,49.8504,56.546,14.5486,50.9607,0.7997,3.2923,0.9852,66.8252,23.3367,1.1016,11.1784,29.8414,25.1312
baseline_degree_mix_mass_3_SF_10_Sym+HY_10_Dir+HY_10_Sym_12_L2_drop0.3_S3,27.5999,49.8504,56.546,14.5486,50.9607,0.7997,3.2923,0.9852,66.8252,23.3367,1.1016,11.1784,29.8414,25.1312
baseline_degree_mix_mass_3_SF_10_Sym+HY_10_Sym_12_L2_drop0.3_S3,27.5999,49.8504,56.546,14.5486,50.9607,0.7997,3.2923,0.9852,66.8252,23.3367,1.1016,11.1784,29.8414,25.1312
baseline_degree_mix_mass_3_SF_10_Dir+SF_10_Sym+HY_10_Sym_12_L2_drop0.3_S3,27.5999,49.8504,56.546,14.5486,50.9607,0.7997,3.2923,0.9852,66.8252,23.3367,1.1016,11.1784,29.8414,25.1312
baseline_degree_mix_mass_3_SF_10_Dir+HY_10_Dir+HY_10_Sym_12_L2_drop0.3_S3,27.5999,49.8504,56.546,14.5486,50.9607,0.7997,3.2923,0.9852,66.8252,23.3367,1.1016,11.1784,29.8414,25.1312
baseline_degree_mix_mass_3_SF_10_Dir+HY_10_Sym_12_L2_drop0.3_S1,27.5999,49.8504,56.546,14.5486,50.9607,0.7997,3.2923,0.9852,66.8252,23.3367,1.1016,11.1784,29.8414,25.1312
baseline_degree_mix_mass_3_SF_10_Dir+HY_10_Sym_12_L2_drop0.3_S2,27.5999,49.8504,56.546,14.5486,50.9607,0.7997,3.2923,0.9852,66.8252,23.3367,1.1016,11.1784,29.8414,25.1312
KADABRA_NK_err0.01_delta0.1_S1,0.12336,0.574309,0.57957,0.260357,0.173454,0.013308,0.003009,0.011840,0.482562,0.291391,0.029572,0.322592,0.004050,0.450469
DrBC_S1,402.9864,723.308,812.1311,212.9828,745.8842,11.7022,48.5226,14.3800,965.3782,334.6183,16.0806,164.9763,439.6411,360.6274
KADABRA_NK_err0.01_delta0.1_S2,0.123203,0.575881,0.580207,0.259641,0.173831,0.013213,0.003044,0.011805,0.463345,0.275644,0.029481,0.322781,0.004050,0.451596
DrBC_S2,402.9864,723.308,812.1311,212.9828,745.8842,11.7022,48.5226,14.3800,965.3782,334.6183,16.0806,164.9763,439.6411,360.6274
DrBC_S3,402.9864,723.308,812.1311,212.9828,745.8842,11.7022,48.5226,14.3800,965.3782,334.6183,16.0806,164.9763,439.6411,360.6274
KADABRA_NK_err0.01_delta0.1_S3,0.12516,0.568979,0.582036,0.259391,0.174309,0.013292,0.003161,0.011843,0.174555,0.279291,0.029449,0.322800,0.004050,0.453070
baseline_degree_mix_mass_3_SF_10_Sym+HY_10_Sym_12_L2_drop0.3_S2,27.5999,49.8504,56.546,14.5486,50.9607,0.7997,3.2923,0.9852,66.8252,23.3367,1.1016,11.1784,29.8414,25.1312
baseline_degree_mix_mass_6_SF_10_Dir+SF_10_Sym+HY_10_mNN_12_L2_drop0.3_S2,28.0383,50.7796,57.9327,14.7753,51.7242,0.812,3.3333,1.0018,68.3136,23.9301,1.1234,11.3480,30.2248,25.7296
baseline_degree_mix_mass_6_SF_10_Dir+SF_10_Sym+HY_10_mNN_12_L2_drop0.3_S3,28.0383,50.7796,57.9327,14.7753,51.7242,0.812,3.3333,1.0018,68.3136,23.9301,1.1234,11.3480,30.2248,25.7296
baseline_degree_mix_mass_1_SF_10_Dir+SF_10_Sym+HY_10_Dir+HY_10_Sym_12_L2_drop0.3_S2,27.3076,49.231,55.6215,14.3975,50.4518,0.7916,3.2649,0.9742,65.8330,22.9412,1.0871,11.0653,29.5858,24.7323
baseline_degree_mix_mass_2_SF_10_Dir+SF_10_Sym+HY_10_Dir+HY_10_Sym_12_L2_drop0.3_S1,27.4537,49.5407,56.0838,14.4731,50.7063,0.7957,3.2786,0.9797,66.3291,23.1390,1.0944,11.1218,29.7136,24.9317
baseline_degree_mix_mass_2_SF_10_Dir+SF_10_Sym+HY_10_Dir+HY_10_Sym_12_L2_drop0.3_S2,27.4537,49.5407,56.0838,14.4731,50.7063,0.7957,3.2786,0.9797,66.3291,23.1390,1.0944,11.1218,29.7136,24.9317
baseline_degree_mix_mass_6_SF_10_Dir+SF_10_Sym+HY_10_Dir+HY_10_Sym_12_L2_drop0.3_S2,28.0383,50.7796,57.9327,14.7753,51.7242,0.812,3.3333,1.0018,68.3136,23.9301,1.1234,11.3480,30.2248,25.7296
baseline_degree_mix_mass_12_SF_10_Dir+SF_10_Sym+HY_10_Dir+HY_10_Sym_12_L2_drop0.3_S2,28.9152,52.6379,60.7062,15.2286,53.2511,0.8364,3.4153,1.0349,71.2904,25.1167,1.1670,11.6871,30.9916,26.9263
baseline_degree_mix_mass_6_SF_10_Dir+SF_10_Sym+HY_10_Dir+HY_10_Sym_12_L2_drop0.3_S3,28.0383,50.7796,57.9327,14.7753,51.7242,0.812,3.3333,1.0018,68.3136,23.9301,1.1234,11.3480,30.2248,25.7296
baseline_degree_mix_mass_12_SF_10_Dir+SF_10_Sym+HY_10_Dir+HY_10_Sym_12_L2_drop0.3_S3,28.9152,52.6379,60.7062,15.2286,53.2511,0.8364,3.4153,1.0349,71.2904,25.1167,1.1670,11.6871,30.9916,26.9263
baseline_degree_mix_mass_1_SF_10_Dir+SF_10_Sym+HY_10_Dir+HY_10_Sym_12_L2_drop0.3_S3,27.3076,49.231,55.6215,14.3975,50.4518,0.7916,3.2649,0.9742,65.8330,22.9412,1.0871,11.0653,29.5858,24.7323
baseline_degree_mix_independent_3_SF_10_Dir+SF_10_Sym+HY_10_Dir+HY_10_Sym_12_L2_drop0.3_S3,27.5999,49.8504,56.546,14.5486,50.9607,0.7997,3.2923,0.9852,66.8252,23.3367,1.1016,11.1784,29.8414,25.1312
baseline_degree_mix_mass_6_SF_10_Dir+SF_10_Sym+HY_10_mNN_12_L2_drop0.3_S1,28.0383,50.7796,57.9327,14.7753,51.7242,0.812,3.3333,1.0018,68.3136,23.9301,1.1234,11.3480,30.2248,25.7296
baseline_degree_mix_mass_2_SF_10_Dir+SF_10_Sym+HY_10_Dir+HY_10_Sym_12_L2_drop0.3_S3,27.4537,49.5407,56.0838,14.4731,50.7063,0.7957,3.2786,0.9797,66.3291,23.1390,1.0944,11.1218,29.7136,24.9317
baseline_degree_mix_independent_3_SF_10_Dir+SF_10_Sym+HY_10_Dir+HY_10_Sym_12_L2_drop0.3_S1,27.5999,49.8504,56.546,14.5486,50.9607,0.7997,3.2923,0.9852,66.8252,23.3367,1.1016,11.1784,29.8414,25.1312
baseline_degree_mix_mass_5_SF_10_Dir+SF_10_Sym+HY_10_Dir+HY_10_Sym_12_L2_drop0.3_S3,27.8921,50.4699,57.4705,14.6997,51.4697,0.8079,3.3196,0.9963,67.8175,23.7323,1.1162,11.2914,30.0970,25.5301
baseline_degree_mix_mass_4_SF_10_Dir+SF_10_Sym+HY_10_Dir+HY_10_Sym_12_L2_drop0.3_S3,27.746,50.1602,57.0082,14.6242,51.2152,0.8038,3.3059,0.9907,67.3214,23.5345,1.1089,11.2349,29.9692,25.3307
baseline_degree_mix_mass_5_SF_10_Dir+SF_10_Sym+HY_10_Dir+HY_10_Sym_12_L2_drop0.3_S1,27.8921,50.4699,57.4705,14.6997,51.4697,0.8079,3.3196,0.9963,67.8175,23.7323,1.1162,11.2914,30.0970,25.5301
baseline_degree_mix_mass_5_SF_10_Dir+SF_10_Sym+HY_10_Dir+HY_10_Sym_12_L2_drop0.3_S2,27.8921,50.4699,57.4705,14.6997,51.4697,0.8079,3.3196,0.9963,67.8175,23.7323,1.1162,11.2914,30.0970,25.5301
baseline_degree_mix_mass_1_SF_10_Dir+SF_10_Sym+HY_10_Dir+HY_10_Sym_12_L2_drop0.3_S1,27.3076,49.231,55.6215,14.3975,50.4518,0.7916,3.2649,0.9742,65.8330,22.9412,1.0871,11.0653,29.5858,24.7323
baseline_degree_mix_mass_4_SF_10_Dir+SF_10_Sym+HY_10_Dir+HY_10_Sym_12_L2_drop0.3_S1,27.746,50.1602,57.0082,14.6242,51.2152,0.8038,3.3059,0.9907,67.3214,23.5345,1.1089,11.2349,29.9692,25.3307
baseline_degree_mix_mass_4_SF_10_Dir+SF_10_Sym+HY_10_Dir+HY_10_Sym_12_L2_drop0.3_S2,27.746,50.1602,57.0082,14.6242,51.2152,0.8038,3.3059,0.9907,67.3214,23.5345,1.1089,11.2349,29.9692,25.3307
baseline_degree_mix_d0d2_SF_10_Dir+SF_10_Sym+HY_10_Dir+HY_10_Sym_12_L2_drop0.3_S1,27.4968,49.6698,56.3541,14.4942,50.7687,0.7967,3.2795,0.9816,66.5926,23.2584,1.0977,11.1363,29.7265,25.0452
baseline_degree_mix_d0d2_SF_10_Dir+SF_10_Sym+HY_10_Dir+HY_10_Sym_12_L2_drop0.3_S2,27.4968,49.6698,56.3541,14.4942,50.7687,0.7967,3.2795,0.9816,66.5926,23.2584,1.0977,11.1363,29.7265,25.0452
baseline_degree_mix_independent_3_SF_10_Dir+SF_10_Sym+HY_10_Dir+HY_10_Sym_12_L2_drop0.3_S2,27.5999,49.8504,56.546,14.5486,50.9607,0.7997,3.2923,0.9852,66.8252,23.3367,1.1016,11.1784,29.8414,25.1312
baseline_degree_mix_mass_4_SF_10_Dir+SF_10_Sym+HY_10_Dir+HY_10_Sym_12_L2_drop0.3_S2,27.746,50.1602,57.0082,14.6242,51.2152,0.8038,3.3059,0.9907,67.3214,23.5345,1.1089,11.2349,29.9692,25.3307
baseline_degree_mix_d0d2_SF_10_Dir+SF_10_Sym+HY_10_Dir+HY_10_Sym_12_L2_drop0.3_S3,27.4968,49.6698,56.3541,14.4942,50.7687,0.7967,3.2795,0.9816,66.5926,23.2584,1.0977,11.1363,29.7265,25.0452
baseline_degree_mix_mass_4_SF_10_Dir+SF_10_Sym+HY_10_Dir+HY_10_Sym_12_L2_drop0.3_S1,27.746,50.1602,57.0082,14.6242,51.2152,0.8038,3.3059,0.9907,67.3214,23.5345,1.1089,11.2349,29.9692,25.3307
baseline_degree_mix_mass_3_SF_10_Dir+SF_10_Sym+HY_10_Dir+HY_10_Sym_12_L2_drop0.3_S1,27.5999,49.8504,56.546,14.5486,50.9607,0.7997,3.2923,0.9852,66.8252,23.3367,1.1016,11.1784,29.8414,25.1312
baseline_degree_mix_mass_3_SF_10_Dir+SF_10_Sym+HY_10_Dir+HY_10_Sym_12_L2_drop0.3_S1,27.5999,49.8504,56.546,14.5486,50.9607,0.7997,3.2923,0.9852,66.8252,23.3367,1.1016,11.1784,29.8414,25.1312
baseline_degree_mix_independent_3_SF_10_Dir+SF_10_Sym+HY_10_Dir+HY_10_Sym_12_L2_drop0.3_S2,27.5999,49.8504,56.546,14.5486,50.9607,0.7997,3.2923,0.9852,66.8252,23.3367,1.1016,11.1784,29.8414,25.1312
baseline_degree_mix_mass_3_SF_10_Dir+SF_10_Sym+HY_10_Dir+HY_10_Sym_12_L2_drop0.3_S2,27.5999,49.8504,56.546,14.5486,50.9607,0.7997,3.2923,0.9852,66.8252,23.3367,1.1016,11.1784,29.8414,25.1312
baseline_degree_mix_mass_3_SF_10_Dir+SF_10_Sym+HY_10_Dir+HY_10_Sym_12_L2_drop0.3_S3,27.5999,49.8504,56.546,14.5486,50.9607,0.7997,3.2923,0.9852,66.8252,23.3367,1.1016,11.1784,29.8414,25.1312
baseline_degree_mix_mass_4_SF_10_Dir+SF_10_Sym+HY_10_Dir_8_L0_drop0.3_S1,4.0569,7.3292,8.3177,2.1385,7.4902,0.1175,0.4838,0.1448,9.8279,3.4330,0.1620,1.6430,4.3853,3.6965
baseline_degree_mix_mass_4_SF_10_Dir+SF_10_Sym+HY_10_Dir_16_L0_drop0.3_S1,14.5297,25.6981,27.8277,7.6767,27.0109,0.423,1.7780,0.5151,33.4840,11.4011,0.5630,5.9165,16.0699,12.4389
baseline_degree_mix_mass_4_SF_10_Dir+SF_10_Sym+HY_10_Dir_12_L0_drop0.3_S3,8.4692,15.0682,16.5375,4.4718,15.7145,0.2462,1.0291,0.3008,19.7945,6.7900,0.3309,3.4435,9.3082,7.3798
baseline_degree_mix_mass_4_SF_10_Dir+SF_10_Sym+HY_10_Dir_12_L0_drop0.3_S2,8.4692,15.0682,16.5375,4.4718,15.7145,0.2462,1.0291,0.3008,19.7945,6.7900,0.3309,3.4435,9.3082,7.3798
baseline_degree_mix_mass_4_SF_10_Dir+SF_10_Sym+HY_10_Dir_8_L0_drop0.3_S3,4.0569,7.3292,8.3177,2.1385,7.4902,0.1175,0.4838,0.1448,9.8279,3.4330,0.1620,1.6430,4.3853,3.6965
baseline_degree_mix_mass_4_SF_10_Dir+SF_10_Sym+HY_10_Dir_16_L0_drop0.3_S2,14.5297,25.6981,27.8277,7.6767,27.0109,0.423,1.7780,0.5151,33.4840,11.4011,0.5630,5.9165,16.0699,12.4389
baseline_degree_mix_mass_4_SF_10_Dir+SF_10_Sym+HY_10_Dir_16_L0_drop0.3_S3,14.5297,25.6981,27.8277,7.6767,27.0109,0.423,1.7780,0.5151,33.4840,11.4011,0.5630,5.9165,16.0699,12.4389
baseline_degree_mix_mass_4_SF_10_Dir+SF_10_Sym+HY_10_Dir_32_L0_drop0.3_S2,55.2533,97.126,103.693,29.2124,102.9177,1.6106,6.8107,1.9550,125.4715,42.3851,2.1222,22.5340,61.5058,46.4342
baseline_degree_mix_mass_4_SF_10_Dir+SF_10_Sym+HY_10_Dir_8_L0_drop0.3_S2,4.0569,7.3292,8.3177,2.1385,7.4902,0.1175,0.4838,0.1448,9.8279,3.4330,0.1620,1.6430,4.3853,3.6965
baseline_degree_mix_mass_4_SF_10_Dir+SF_10_Sym+HY_10_Dir_32_L0_drop0.3_S3,55.2533,97.126,103.693,29.2124,102.9177,1.6106,6.8107,1.9550,125.4715,42.3851,2.1222,22.5340,61.5058,46.4342
baseline_degree_mix_mass_4_SF_10_Dir+SF_10_Sym+HY_10_Dir_8_L1_drop0.3_S3,8.5611,15.6564,18.2284,4.5065,15.7423,0.2474,1.0053,0.3069,21.3300,7.5526,0.3477,3.4561,9.1285,8.0761
baseline_degree_mix_mass_4_SF_10_Dir+SF_10_Sym+HY_10_Dir_8_L1_drop0.3_S2,8.5611,15.6564,18.2284,4.5065,15.7423,0.2474,1.0053,0.3069,21.3300,7.5526,0.3477,3.4561,9.1285,8.0761
baseline_degree_mix_mass_4_SF_10_Dir+SF_10_Sym+HY_10_Dir_12_L1_drop0.3_S1,18.1076,32.6142,36.7729,9.548,33.4649,0.525,2.1675,0.6458,43.5579,15.1623,0.7199,7.3392,19.6387,16.3552
baseline_degree_mix_mass_4_SF_10_Dir+SF_10_Sym+HY_10_Dir_8_L1_drop0.3_S1,8.5611,15.6564,18.2284,4.5065,15.7423,0.2474,1.0053,0.3069,21.3300,7.5526,0.3477,3.4561,9.1285,8.0761
baseline_degree_mix_mass_4_SF_10_Dir+SF_10_Sym+HY_10_Dir_32_L0_drop0.3_S1,55.2533,97.126,103.693,29.2124,102.9177,1.6106,6.8107,1.9550,125.4715,42.3851,2.1222,22.5340,61.5058,46.4342
baseline_degree_mix_mass_4_SF_10_Dir+SF_10_Sym+HY_10_Dir_12_L1_drop0.3_S3,18.1076,32.6142,36.7729,9.548,33.4649,0.525,2.1675,0.6458,43.5579,15.1623,0.7199,7.3392,19.6387,16.3552
baseline_degree_mix_mass_4_SF_10_Dir+SF_10_Sym+HY_10_Dir_16_L1_drop0.3_S1,31.2252,55.8355,61.9699,16.4779,57.8437,0.9068,3.7710,1.1110,73.8522,25.4889,1.2288,12.6795,34.1331,27.6153
baseline_degree_mix_mass_4_SF_10_Dir+SF_10_Sym+HY_10_Dir_16_L1_drop0.3_S2,31.2252,55.8355,61.9699,16.4779,57.8437,0.9068,3.7710,1.1110,73.8522,25.4889,1.2288,12.6795,34.1331,27.6153
baseline_degree_mix_mass_4_SF_10_Dir+SF_10_Sym+HY_10_Dir_16_L1_drop0.3_S3,31.2252,55.8355,61.9699,16.4779,57.8437,0.9068,3.7710,1.1110,73.8522,25.4889,1.2288,12.6795,34.1331,27.6153
baseline_degree_mix_mass_4_SF_10_Dir+SF_10_Sym+HY_10_Dir_32_L1_drop0.3_S1,119.4058,211.3556,229.2842,63.0824,221.9214,3.4754,14.5983,4.2344,275.6930,93.9655,4.6317,48.6124,131.9532,102.4663
baseline_degree_mix_mass_4_SF_10_Dir+SF_10_Sym+HY_10_Dir_32_L1_drop0.3_S2,119.4058,211.3556,229.2842,63.0824,221.9214,3.4754,14.5983,4.2344,275.6930,93.9655,4.6317,48.6124,131.9532,102.4663
baseline_degree_mix_mass_4_SF_10_Dir+SF_10_Sym+HY_10_Dir_32_L1_drop0.3_S3,119.4058,211.3556,229.2842,63.0824,221.9214,3.4754,14.5983,4.2344,275.6930,93.9655,4.6317,48.6124,131.9532,102.4663
baseline_degree_mix_mass_4_SF_10_Dir+SF_10_Sym+HY_10_Dir_8_L2_drop0.3_S1,13.0652,23.9835,28.1392,6.8745,23.9944,0.3772,1.5268,0.4689,32.8321,11.6722,0.5335,5.2692,13.8718,12.4558
baseline_degree_mix_mass_4_SF_10_Dir+SF_10_Sym+HY_10_Dir_8_L2_drop0.3_S2,13.0652,23.9835,28.1392,6.8745,23.9944,0.3772,1.5268,0.4689,32.8321,11.6722,0.5335,5.2692,13.8718,12.4558
baseline_degree_mix_mass_4_SF_10_Dir+SF_10_Sym+HY_10_Dir_12_L1_drop0.3_S2,18.1076,32.6142,36.7729,9.548,33.4649,0.525,2.1675,0.6458,43.5579,15.1623,0.7199,7.3392,19.6387,16.3552
baseline_degree_mix_mass_4_SF_10_Dir+SF_10_Sym+HY_10_Dir_16_L2_drop0.3_S1,47.9207,85.9729,96.1121,25.2792,88.6764,1.3907,5.7640,1.7068,114.2204,39.5768,1.8947,19.4424,52.1963,42.7918
baseline_degree_mix_mass_4_SF_10_Dir+SF_10_Sym+HY_10_Dir_16_L2_drop0.3_S2,47.9207,85.9729,96.1121,25.2792,88.6764,1.3907,5.7640,1.7068,114.2204,39.5768,1.8947,19.4424,52.1963,42.7918
baseline_degree_mix_mass_4_SF_10_Dir+SF_10_Sym+HY_10_Dir_8_drop0.3_S1,22.0736,40.6379,47.9606,11.6106,40.4986,0.6369,2.5698,0.7930,55.8363,19.9113,0.9050,8.8954,23.3583,21.2151
baseline_degree_mix_mass_4_SF_10_Dir+SF_10_Sym+HY_10_Dir_16_L2_drop0.3_S3,47.9207,85.9729,96.1121,25.2792,88.6764,1.3907,5.7640,1.7068,114.2204,39.5768,1.8947,19.4424,52.1963,42.7918
baseline_degree_mix_mass_4_SF_10_Dir+SF_10_Sym+HY_10_Dir_32_L2_drop0.3_S1,183.5584,325.5853,354.8754,96.9523,340.925,5.3402,22.3858,6.5137,425.9146,145.5459,7.1412,74.6909,202.4007,158.4983
baseline_degree_mix_mass_4_SF_10_Dir+SF_10_Sym+HY_10_Dir_32_L2_drop0.3_S3,183.5584,325.5853,354.8754,96.9523,340.925,5.3402,22.3858,6.5137,425.9146,145.5459,7.1412,74.6909,202.4007,158.4983
baseline_degree_mix_mass_4_SF_10_Dir+SF_10_Sym+HY_10_Dir_32_L2_drop0.3_S2,183.5584,325.5853,354.8754,96.9523,340.925,5.3402,22.3858,6.5137,425.9146,145.5459,7.1412,74.6909,202.4007,158.4983
baseline_degree_mix_mass_4_SF_10_Dir+SF_10_Sym+HY_10_Dir_8_L2_drop0.3_S3,13.0652,23.9835,28.1392,6.8745,23.9944,0.3772,1.5268,0.4689,32.8321,11.6722,0.5335,5.2692,13.8718,12.4558
baseline_degree_mix_mass_4_SF_10_Dir+SF_10_Sym+HY_10_Dir_8_drop0.3_S3,22.0736,40.6379,47.9606,11.6106,40.4986,0.6369,2.5698,0.7930,55.8363,19.9113,0.9050,8.8954,23.3583,21.2151
baseline_degree_mix_mass_4_SF_10_Dir+SF_10_Sym+HY_10_Dir_16_drop0.3_S3,81.3117,146.2477,164.3965,42.8816,150.3419,2.3583,9.7500,2.8986,194.9569,67.7526,3.2263,32.9684,88.3226,73.1446
baseline_degree_mix_mass_4_SF_10_Dir+SF_10_Sym+HY_10_Dir_12_drop0.3_S1,47.0228,85.2521,97.479,24.7766,86.716,1.3614,5.5828,1.6806,114.8483,40.2790,1.8869,19.0263,50.6303,43.2815
baseline_degree_mix_mass_4_SF_10_Dir+SF_10_Sym+HY_10_Dir_12_drop0.3_S2,47.0228,85.2521,97.479,24.7766,86.716,1.3614,5.5828,1.6806,114.8483,40.2790,1.8869,19.0263,50.6303,43.2815
baseline_degree_mix_mass_4_SF_10_Dir+SF_10_Sym+HY_10_Dir_16_drop0.3_S1,81.3117,146.2477,164.3965,42.8816,150.3419,2.3583,9.7500,2.8986,194.9569,67.7526,3.2263,32.9684,88.3226,73.1446
baseline_degree_mix_mass_4_SF_10_Dir+SF_10_Sym+HY_10_Dir_12_drop0.3_S3,47.0228,85.2521,97.479,24.7766,86.716,1.3614,5.5828,1.6806,114.8483,40.2790,1.8869,19.0263,50.6303,43.2815
baseline_degree_mix_mass_4_SF_10_Dir+SF_10_Sym+HY_10_Dir_16_drop0.3_S2,81.3117,146.2477,164.3965,42.8816,150.3419,2.3583,9.7500,2.8986,194.9569,67.7526,3.2263,32.9684,88.3226,73.1446
baseline_degree_mix_mass_4_SF_10_Dir+SF_10_Sym+HY_10_Dir_32_drop0.3_S2,311.8636,554.0446,606.0577,164.6923,578.9323,9.0698,37.9609,11.0725,726.3576,248.7066,12.1601,126.8477,343.2957,270.5623
baseline_degree_mix_mass_3_SF_10_Dir+SF_10_Sym+HY_10_Dir+HY_10_Sym_12_L2_drop0.3_S3_osl,27.5999,49.8504,56.546,14.5486,50.9607,0.7997,3.2923,0.9852,66.8252,23.3367,1.1016,11.1784,29.8414,25.1312
baseline_degree_mix_mass_3_SF_10_Dir+SF_10_Sym+HY_10_Dir+HY_10_Sym_12_L2_drop0.3_S1_osl,27.5999,49.8504,56.546,14.5486,50.9607,0.7997,3.2923,0.9852,66.8252,23.3367,1.1016,11.1784,29.8414,25.1312
baseline_degree_mix_mass_3_SF_10_Dir+SF_10_Sym+HY_10_Dir+HY_10_Sym_12_L2_drop0.3_S2_osl,27.5999,49.8504,56.546,14.5486,50.9607,0.7997,3.2923,0.9852,66.8252,23.3367,1.1016,11.1784,29.8414,25.1312
baseline_degree_mix_mass_3_SF_10_Dir+SF_10_Sym+HY_10_Dir+HY_10_Sym_12_L2_drop0.3_S2_osl_nz,27.5999,49.8504,56.546,14.5486,50.9607,0.7997,3.2923,0.9852,66.8252,23.3367,1.1016,11.1784,29.8414,25.1312
baseline_degree_mix_mass_3_SF_10_Dir+SF_10_Sym+HY_10_Dir+HY_10_Sym_12_L2_drop0.3_S1_nz,27.5999,49.8504,56.546,14.5486,50.9607,0.7997,3.2923,0.9852,66.8252,23.3367,1.1016,11.1784,29.8414,25.1312
baseline_degree_mix_mass_3_SF_10_Dir+SF_10_Sym+HY_10_Dir+HY_10_Sym_12_L2_drop0.3_S1_osl_nz,27.5999,49.8504,56.546,14.5486,50.9607,0.7997,3.2923,0.9852,66.8252,23.3367,1.1016,11.1784,29.8414,25.1312
baseline_degree_mix_mass_3_SF_10_Dir+SF_10_Sym+HY_10_Dir+HY_10_Sym_12_L2_drop0.3_S3_osl_nz,27.5999,49.8504,56.546,14.5486,50.9607,0.7997,3.2923,0.9852,66.8252,23.3367,1.1016,11.1784,29.8414,25.1312
baseline_degree_mix_mass_3_SF_10_Dir+SF_10_Sym+HY_10_Dir+HY_10_Sym_12_L2_drop0.3_S2_nz,27.5999,49.8504,56.546,14.5486,50.9607,0.7997,3.2923,0.9852,66.8252,23.3367,1.1016,11.1784,29.8414,25.1312
baseline_degree_mix_mass_4_SF_10_Dir+SF_10_Sym+HY_10_Dir_8_drop0.3_S2,22.0736,40.6379,47.9606,11.6106,40.4986,0.6369,2.5698,0.7930,55.8363,19.9113,0.9050,8.8954,23.3583,21.2151
baseline_degree_mix_mass_3_SF_10_Dir+SF_10_Sym+HY_10_Dir+HY_10_Sym_12_L2_drop0.3_S3_nz,27.5999,49.8504,56.546,14.5486,50.9607,0.7997,3.2923,0.9852,66.8252,23.3367,1.1016,11.1784,29.8414,25.1312
baseline_degree_mix_mass_4_SF_10_Dir+SF_10_Sym+HY_10_Dir_12_L6_drop0.3_S3,66.2996,120.344,137.9498,34.929,122.2167,1.919,7.8596,2.3706,162.3752,57.0235,2.6649,26.8178,71.2913,61.2324
baseline_degree_mix_mass_4_SF_10_Dir+SF_10_Sym+HY_10_Dir_8_L6_drop0.3_S1,31.0819,57.2922,67.7821,16.3466,57.0029,0.8965,3.6128,1.1170,78.8405,28.1505,1.2765,12.5215,32.8448,29.9744
baseline_degree_mix_mass_4_SF_10_Dir+SF_10_Sym+HY_10_Dir_8_L6_drop0.3_S3,31.0819,57.2922,67.7821,16.3466,57.0029,0.8965,3.6128,1.1170,78.8405,28.1505,1.2765,12.5215,32.8448,29.9744
baseline_degree_mix_mass_4_SF_10_Dir+SF_10_Sym+HY_10_Dir_8_L6_drop0.3_S2,31.0819,57.2922,67.7821,16.3466,57.0029,0.8965,3.6128,1.1170,78.8405,28.1505,1.2765,12.5215,32.8448,29.9744
baseline_degree_mix_mass_4_SF_10_Dir+SF_10_Sym+HY_10_Dir_32_drop0.3_S3,311.8636,554.0446,606.0577,164.6923,578.9323,9.0698,37.9609,11.0725,726.3576,248.7066,12.1601,126.8477,343.2957,270.5623
baseline_degree_mix_mass_4_SF_10_Dir+SF_10_Sym+HY_10_Dir_12_L6_drop0.3_S1,66.2996,120.344,137.9498,34.929,122.2167,1.919,7.8596,2.3706,162.3752,57.0235,2.6649,26.8178,71.2913,61.2324
baseline_degree_mix_mass_4_SF_10_Dir+SF_10_Sym+HY_10_Dir_12_L6_drop0.3_S2,66.2996,120.344,137.9498,34.929,122.2167,1.919,7.8596,2.3706,162.3752,57.0235,2.6649,26.8178,71.2913,61.2324
baseline_degree_mix_mass_4_SF_10_Dir+SF_10_Sym+HY_10_Dir_16_L6_drop0.3_S1,114.7027,206.5225,232.6809,60.4841,212.0075,3.326,13.7360,4.0903,275.6933,95.9283,4.5580,46.4944,124.4490,103.4974
ABCDE_Train_S1,319.7724,590.5393,706.2244,168.8758,586.5668,9.2353,-,-,-,-,-,-,-,-
baseline_degree_mix_mass_4_SF_10_Dir+SF_10_Sym+HY_10_Dir_16_L6_drop0.3_S3,114.7027,206.5225,232.6809,60.4841,212.0075,3.326,13.7360,4.0903,275.6933,95.9283,4.5580,46.4944,124.4490,103.4974
ABCDE_Train_S2,319.7724,590.5393,706.2244,168.8758,586.5668,9.2353,-,-,-,-,-,-,-,-
baseline_degree_mix_mass_4_SF_10_Dir+SF_10_Sym+HY_10_Dir_16_L6_drop0.3_S2,114.7027,206.5225,232.6809,60.4841,212.0075,3.326,13.7360,4.0903,275.6933,95.9283,4.5580,46.4944,124.4490,103.4974
baseline_degree_mix_mass_3_SF_10_Dir+SF_10_Sym+HY_10_Dir+HY_10_Sym_12_L2_drop0.3_S2,27.5999,49.8504,56.546,14.5486,50.9607,0.7997,3.2923,0.9852,66.8252,23.3367,1.1016,11.1784,29.8414,25.1312
baseline_degree_mix_mass_4_SF_10_Dir+SF_10_Sym+HY_10_Dir_32_L6_drop0.3_S3,440.1687,782.504,857.2401,232.4322,816.9396,12.7993,53.5360,15.6312,1026.8006,351.8673,17.1791,179.0046,484.1906,382.6264
baseline_degree_mix_mass_3_SF_10_Dir+SF_10_Sym+HY_10_Dir+HY_10_Sym_12_L2_drop0.3_S3,27.5999,49.8504,56.546,14.5486,50.9607,0.7997,3.2923,0.9852,66.8252,23.3367,1.1016,11.1784,29.8414,25.1312
baseline_degree_mix_mass_4_SF_10_Dir+SF_10_Sym+HY_10_Dir_32_L6_drop0.3_S2,440.1687,782.504,857.2401,232.4322,816.9396,12.7993,53.5360,15.6312,1026.8006,351.8673,17.1791,179.0046,484.1906,382.6264
ABCDE_Train_S3,319.7724,590.5393,706.2244,168.8758,586.5668,9.2353,-,-,-,-,-,-,-,-
baseline_degree_mix_mass_4_SF_10_Dir+SF_10_Sym+HY_10_Dir_32_drop0.3_S1,311.8636,554.0446,606.0577,164.6923,578.9323,9.0698,37.9609,11.0725,726.3576,248.7066,12.1601,126.8477,343.2957,270.5623
baseline_degree_mix_mass_4_SF_10_Dir+SF_10_Sym+HY_10_Dir_32_L6_drop0.3_S1,440.1687,782.504,857.2401,232.4322,816.9396,12.7993,53.5360,15.6312,1026.8006,351.8673,17.1791,179.0046,484.1906,382.6264
baseline_degree_mix_mass_4_SF_10_Dir+SF_10_Sym+HY_10_Dir_12_L0_drop0.3_S1,8.4692,15.0682,16.5375,4.4718,15.7145,0.2462,1.0291,0.3008,19.7945,6.7900,0.3309,3.4435,9.3082,7.3798
baseline_random_6_SF_10_Dir+HY_10_Sym_12_L2_drop0.3_S3,27.7795,50.0054,56.3107,14.6488,51.3493,0.8056,3.3276,0.9905,66.7330,23.2136,1.1035,11.2610,30.1476,25.0488
baseline_random_6_SF_10_Dir+HY_10_Sym_12_L2_drop0.3_S1,27.7795,50.0054,56.3107,14.6488,51.3493,0.8056,3.3276,0.9905,66.7330,23.2136,1.1035,11.2610,30.1476,25.0488
baseline_random_3_SF_10_Dir+HY_10_Sym_12_L2_drop0.3_S3,27.4704,49.4633,55.735,14.4854,50.7733,0.7965,3.2894,0.9796,66.0349,22.9785,1.0917,11.1349,29.8028,24.7908
baseline_random_3_SF_10_Dir+HY_10_Sym_12_L2_drop0.3_S2,27.4704,49.4633,55.735,14.4854,50.7733,0.7965,3.2894,0.9796,66.0349,22.9785,1.0917,11.1349,29.8028,24.7908
baseline_random_3_SF_10_Dir+HY_10_Sym_12_L2_drop0.3_S1,27.4704,49.4633,55.735,14.4854,50.7733,0.7965,3.2894,0.9796,66.0349,22.9785,1.0917,11.1349,29.8028,24.7908
baseline_random_6_SF_10_Dir+HY_10_Sym_12_L2_drop0.3_S2,27.7795,50.0054,56.3107,14.6488,51.3493,0.8056,3.3276,0.9905,66.7330,23.2136,1.1035,11.2610,30.1476,25.0488
baseline_random_3_SF_10_Dir+SF_10_Sym+HY_10_Dir+HY_10_Sym_12_L2_drop0.3_S2,27.4704,49.4633,55.735,14.4854,50.7733,0.7965,3.2894,0.9796,66.0349,22.9785,1.0917,11.1349,29.8028,24.7908
baseline_random_3_SF_10_Dir+SF_10_Sym+HY_10_Dir+HY_10_Sym_12_L2_drop0.3_S3,27.4704,49.4633,55.735,14.4854,50.7733,0.7965,3.2894,0.9796,66.0349,22.9785,1.0917,11.1349,29.8028,24.7908
baseline_random_3_SF_10_Dir+SF_10_Sym+HY_10_Dir+HY_10_Sym_12_L2_drop0.3_S1,27.4704,49.4633,55.735,14.4854,50.7733,0.7965,3.2894,0.9796,66.0349,22.9785,1.0917,11.1349,29.8028,24.7908
baseline_degree_mix_mass_3_SF_10_Dir+SF_10_Sym+HY_10_Dir+HY_10_Sym_12_L2_drop0.3_S1_unshared,27.5999,49.8504,56.546,14.5486,50.9607,0.7997,3.2923,0.9852,66.8252,23.3367,1.1016,11.1784,29.8414,25.1312
baseline_degree_mix_mass_3_SF_10_Dir+SF_10_Sym+HY_10_Dir+HY_10_Sym_12_L2_drop0.3_S3_fusioncat_mlp,27.7823,50.1704,56.8858,14.6451,51.3008,0.8051,3.3148,0.9917,67.2373,23.4755,1.1086,11.2528,30.0449,25.2835
baseline_degree_mix_mass_3_SF_10_Dir+SF_10_Sym+HY_10_Dir+HY_10_Sym_12_L2_drop0.3_S1_fusioncat_mlp,27.7823,50.1704,56.8858,14.6451,51.3008,0.8051,3.3148,0.9917,67.2373,23.4755,1.1086,11.2528,30.0449,25.2835
baseline_degree_mix_mass_3_SF_10_Dir+SF_10_Sym+HY_10_Dir+HY_10_Sym_12_L2_drop0.3_S2_unshared,27.5999,49.8504,56.546,14.5486,50.9607,0.7997,3.2923,0.9852,66.8252,23.3367,1.1016,11.1784,29.8414,25.1312
baseline_degree_mix_mass_3_SF_10_Dir+SF_10_Sym+HY_10_Dir+HY_10_Sym_12_L2_drop0.3_S2_fusionadd,27.5999,49.8504,56.546,14.5486,50.9607,0.7997,3.2923,0.9852,66.8252,23.3367,1.1016,11.1784,29.8414,25.1312
baseline_degree_mix_mass_3_SF_10_Dir+SF_10_Sym+HY_10_Dir+HY_10_Sym_12_L2_drop0.3_S3_unshared,27.5999,49.8504,56.546,14.5486,50.9607,0.7997,3.2923,0.9852,66.8252,23.3367,1.1016,11.1784,29.8414,25.1312
baseline_degree_mix_mass_3_SF_10_Dir+SF_10_Sym+HY_10_Dir+HY_10_Sym_12_L2_drop0.3_S2_fusioncat_mlp,27.7823,50.1704,56.8858,14.6451,51.3008,0.8051,3.3148,0.9917,67.2373,23.4755,1.1086,11.2528,30.0449,25.2835
baseline_degree_mix_mass_3_SF_10_Dir+SF_10_Sym+HY_10_Dir+HY_10_Sym_12_L2_drop0.3_S3_fusionadd,27.5999,49.8504,56.546,14.5486,50.9607,0.7997,3.2923,0.9852,66.8252,23.3367,1.1016,11.1784,29.8414,25.1312
baseline_degree_mix_mass_3_SF_10_Dir+SF_10_Sym+HY_10_Dir+HY_10_Sym_12_L2_drop0.3_S1_fusionadd,27.5999,49.8504,56.546,14.5486,50.9607,0.7997,3.2923,0.9852,66.8252,23.3367,1.1016,11.1784,29.8414,25.1312
baseline_degree_mix_mass_3_SF_10_Dir+SF_10_Sym+HY_10_Dir_12_L2_drop0.3_S1,27.5999,49.8504,56.5460,14.5486,50.9607,0.7997,3.2923,0.9852,66.8252,23.3367,1.1016,11.1784,29.8414,25.1312
baseline_degree_mix_mass_3_SF_10_Dir+SF_10_Sym+HY_10_Dir_12_L2_drop0.3_S2,27.5999,49.8504,56.5460,14.5486,50.9607,0.7997,3.2923,0.9852,66.8252,23.3367,1.1016,11.1784,29.8414,25.1312
baseline_degree_mix_mass_3_SF_10_Dir+SF_10_Sym+HY_10_Dir_12_L2_drop0.3_S3,27.5999,49.8504,56.5460,14.5486,50.9607,0.7997,3.2923,0.9852,66.8252,23.3367,1.1016,11.1784,29.8414,25.1312
baseline_degree_mix_mass_4_SF_10_Dir+SF_10_Sym+HY_10_Dir_12_L2_drop0.3_S1,27.7460,50.1602,57.0082,14.6242,51.2152,0.8038,3.3059,0.9907,67.3214,23.5345,1.1089,11.2349,29.9692,25.3307
baseline_degree_mix_mass_4_SF_10_Dir+SF_10_Sym+HY_10_Dir_12_L2_drop0.3_S2,27.7460,50.1602,57.0082,14.6242,51.2152,0.8038,3.3059,0.9907,67.3214,23.5345,1.1089,11.2349,29.9692,25.3307
baseline_degree_mix_mass_4_SF_10_Dir+SF_10_Sym+HY_10_Dir_12_L2_drop0.3_S3,27.7460,50.1602,57.0082,14.6242,51.2152,0.8038,3.3059,0.9907,67.3214,23.5345,1.1089,11.2349,29.9692,25.3307
Original_Murata_SF_S1,101.3535,103.6615,107.9818,100.8003,101.9401,100.2827,100.2750,100.3310,116.0251,107.3828,100.4176,101.0883,100.9907,107.0268
Original_Murata_SF_S2,101.3535,103.6615,107.9818,100.8003,101.9401,100.2827,100.2750,100.3310,116.0251,107.3828,100.4176,101.0883,100.9907,107.0268
Original_Murata_SF_S3,101.3535,103.6615,107.9818,100.8003,101.9401,100.2827,100.2750,100.3310,116.0251,107.3828,100.4176,101.0883,100.9907,107.0268
baseline_degree_mix_mass_3_SF_10_Dir+SF_10_Sym+HY_10_Dir_12_L0_drop0.3_S1,8.3231,14.7585,16.0752,4.3962,15.4600,0.2422,1.0154,0.2953,19.2983,6.5922,0.3237,3.3870,9.1804,7.1803
baseline_degree_mix_mass_3_SF_10_Dir+SF_10_Sym+HY_10_Dir_8_L0_drop0.3_S1,3.9451,7.0797,7.9194,2.0811,7.2997,0.1145,0.4744,0.1405,9.4093,3.2613,0.1560,1.6005,4.2958,3.5257
baseline_degree_mix_mass_3_SF_10_Dir+SF_10_Sym+HY_10_Dir_8_L0_drop0.3_S3,3.9451,7.0797,7.9194,2.0811,7.2997,0.1145,0.4744,0.1405,9.4093,3.2613,0.1560,1.6005,4.2958,3.5257
baseline_degree_mix_mass_3_SF_10_Dir+SF_10_Sym+HY_10_Dir_12_L0_drop0.3_S2,8.3231,14.7585,16.0752,4.3962,15.4600,0.2422,1.0154,0.2953,19.2983,6.5922,0.3237,3.3870,9.1804,7.1803
baseline_degree_mix_mass_3_SF_10_Dir+SF_10_Sym+HY_10_Dir_16_L0_drop0.3_S3,14.3492,25.3282,27.3015,7.5830,26.6924,0.4179,1.7601,0.5084,32.9103,11.1772,0.5544,5.8460,15.9038,12.2108
baseline_degree_mix_mass_3_SF_10_Dir+SF_10_Sym+HY_10_Dir_12_L0_drop0.3_S3,8.3231,14.7585,16.0752,4.3962,15.4600,0.2422,1.0154,0.2953,19.2983,6.5922,0.3237,3.3870,9.1804,7.1803
baseline_degree_mix_mass_3_SF_10_Dir+SF_10_Sym+HY_10_Dir_16_L0_drop0.3_S1,14.3492,25.3282,27.3015,7.5830,26.6924,0.4179,1.7601,0.5084,32.9103,11.1772,0.5544,5.8460,15.9038,12.2108
baseline_degree_mix_mass_3_SF_10_Dir+SF_10_Sym+HY_10_Dir_16_L0_drop0.3_S2,14.3492,25.3282,27.3015,7.5830,26.6924,0.4179,1.7601,0.5084,32.9103,11.1772,0.5544,5.8460,15.9038,12.2108
baseline_degree_mix_mass_3_SF_10_Dir+SF_10_Sym+HY_10_Dir_32_L0_drop0.3_S3,54.9354,96.5151,102.9110,29.0460,102.3432,1.6015,6.7759,1.9434,124.5876,42.0567,2.1084,22.4074,61.1864,46.0915
baseline_degree_mix_mass_3_SF_10_Dir+SF_10_Sym+HY_10_Dir_8_L1_drop0.3_S1,8.4493,15.4069,17.8301,4.4491,15.5518,0.2443,0.9959,0.3026,20.9114,7.3809,0.3418,3.4136,9.0391,7.9053
baseline_degree_mix_mass_3_SF_10_Dir+SF_10_Sym+HY_10_Dir_12_L1_drop0.3_S1,17.9615,32.3045,36.3106,9.4724,33.2104,0.5210,2.1538,0.6403,43.0618,14.9645,0.7127,7.2827,19.5109,16.1558
baseline_degree_mix_mass_3_SF_10_Dir+SF_10_Sym+HY_10_Dir_8_L1_drop0.3_S2,8.4493,15.4069,17.8301,4.4491,15.5518,0.2443,0.9959,0.3026,20.9114,7.3809,0.3418,3.4136,9.0391,7.9053
baseline_degree_mix_mass_3_SF_10_Dir+SF_10_Sym+HY_10_Dir_12_L1_drop0.3_S3,17.9615,32.3045,36.3106,9.4724,33.2104,0.5210,2.1538,0.6403,43.0618,14.9645,0.7127,7.2827,19.5109,16.1558
baseline_degree_mix_mass_3_SF_10_Dir+SF_10_Sym+HY_10_Dir_16_L1_drop0.3_S1,31.0447,55.4656,61.4437,16.3842,57.5252,0.9017,3.7531,1.1043,73.2785,25.2650,1.2202,12.6089,33.9670,27.3872
baseline_degree_mix_mass_3_SF_10_Dir+SF_10_Sym+HY_10_Dir_16_L1_drop0.3_S2,31.0447,55.4656,61.4437,16.3842,57.5252,0.9017,3.7531,1.1043,73.2785,25.2650,1.2202,12.6089,33.9670,27.3872
baseline_degree_mix_mass_3_SF_10_Dir+SF_10_Sym+HY_10_Dir_16_L1_drop0.3_S3,31.0447,55.4656,61.4437,16.3842,57.5252,0.9017,3.7531,1.1043,73.2785,25.2650,1.2202,12.6089,33.9670,27.3872
baseline_degree_mix_mass_3_SF_10_Dir+SF_10_Sym+HY_10_Dir_32_L0_drop0.3_S1,54.9354,96.5151,102.9110,29.0460,102.3432,1.6015,6.7759,1.9434,124.5876,42.0567,2.1084,22.4074,61.1864,46.0915
baseline_degree_mix_mass_3_SF_10_Dir+SF_10_Sym+HY_10_Dir_32_L1_drop0.3_S1,119.0880,210.7448,228.5021,62.9160,221.3469,3.4663,14.5634,4.2228,274.8091,93.6371,4.6178,48.4859,131.6339,102.1235
baseline_degree_mix_mass_3_SF_10_Dir+SF_10_Sym+HY_10_Dir_32_L1_drop0.3_S2,119.0880,210.7448,228.5021,62.9160,221.3469,3.4663,14.5634,4.2228,274.8091,93.6371,4.6178,48.4859,131.6339,102.1235
baseline_degree_mix_mass_3_SF_10_Dir+SF_10_Sym+HY_10_Dir_32_L0_drop0.3_S2,54.9354,96.5151,102.9110,29.0460,102.3432,1.6015,6.7759,1.9434,124.5876,42.0567,2.1084,22.4074,61.1864,46.0915
baseline_degree_mix_mass_3_SF_10_Dir+SF_10_Sym+HY_10_Dir_32_L1_drop0.3_S3,119.0880,210.7448,228.5021,62.9160,221.3469,3.4663,14.5634,4.2228,274.8091,93.6371,4.6178,48.4859,131.6339,102.1235
baseline_degree_mix_mass_3_SF_10_Dir+SF_10_Sym+HY_10_Dir_12_L1_drop0.3_S2,17.9615,32.3045,36.3106,9.4724,33.2104,0.5210,2.1538,0.6403,43.0618,14.9645,0.7127,7.2827,19.5109,16.1558
baseline_degree_mix_mass_3_SF_10_Dir+SF_10_Sym+HY_10_Dir_8_L2_drop0.3_S3,12.9534,23.7341,27.7409,6.8171,23.8039,0.3741,1.5174,0.4646,32.4135,11.5005,0.5276,5.2267,13.7823,12.2850
baseline_degree_mix_mass_3_SF_10_Dir+SF_10_Sym+HY_10_Dir_8_L2_drop0.3_S2,12.9534,23.7341,27.7409,6.8171,23.8039,0.3741,1.5174,0.4646,32.4135,11.5005,0.5276,5.2267,13.7823,12.2850
baseline_degree_mix_mass_3_SF_10_Dir+SF_10_Sym+HY_10_Dir_8_L1_drop0.3_S3,8.4493,15.4069,17.8301,4.4491,15.5518,0.2443,0.9959,0.3026,20.9114,7.3809,0.3418,3.4136,9.0391,7.9053
baseline_degree_mix_mass_3_SF_10_Dir+SF_10_Sym+HY_10_Dir_12_L2_drop0.3_S1,27.5999,49.8504,56.5460,14.5486,50.9607,0.7997,3.2923,0.9852,66.8252,23.3367,1.1016,11.1784,29.8414,25.1312
baseline_degree_mix_mass_3_SF_10_Dir+SF_10_Sym+HY_10_Dir_12_L2_drop0.3_S3,27.5999,49.8504,56.5460,14.5486,50.9607,0.7997,3.2923,0.9852,66.8252,23.3367,1.1016,11.1784,29.8414,25.1312
baseline_degree_mix_mass_3_SF_10_Dir+SF_10_Sym+HY_10_Dir_12_L2_drop0.3_S2,27.5999,49.8504,56.5460,14.5486,50.9607,0.7997,3.2923,0.9852,66.8252,23.3367,1.1016,11.1784,29.8414,25.1312
baseline_degree_mix_mass_3_SF_10_Dir+SF_10_Sym+HY_10_Dir_16_L2_drop0.3_S2,47.7402,85.6030,95.5859,25.1855,88.3579,1.3856,5.7461,1.7001,113.6468,39.3529,1.8861,19.3719,52.0302,42.5636
baseline_degree_mix_mass_3_SF_10_Dir+SF_10_Sym+HY_10_Dir_8_L0_drop0.3_S2,3.9451,7.0797,7.9194,2.0811,7.2997,0.1145,0.4744,0.1405,9.4093,3.2613,0.1560,1.6005,4.2958,3.5257
baseline_degree_mix_mass_3_SF_10_Dir+SF_10_Sym+HY_10_Dir_32_L2_drop0.3_S1,183.2406,324.9745,354.0933,96.7860,340.3505,5.3311,22.3510,6.5022,425.0306,145.2175,7.1273,74.5643,202.0814,158.1555
baseline_degree_mix_mass_3_SF_10_Dir+SF_10_Sym+HY_10_Dir_32_L2_drop0.3_S2,183.2406,324.9745,354.0933,96.7860,340.3505,5.3311,22.3510,6.5022,425.0306,145.2175,7.1273,74.5643,202.0814,158.1555
baseline_degree_mix_mass_3_SF_10_Dir+SF_10_Sym+HY_10_Dir_32_L2_drop0.3_S3,183.2406,324.9745,354.0933,96.7860,340.3505,5.3311,22.3510,6.5022,425.0306,145.2175,7.1273,74.5643,202.0814,158.1555
baseline_degree_mix_mass_3_SF_10_Dir+SF_10_Sym+HY_10_Dir_8_L2_drop0.3_S1,12.9534,23.7341,27.7409,6.8171,23.8039,0.3741,1.5174,0.4646,32.4135,11.5005,0.5276,5.2267,13.7823,12.2850
baseline_degree_mix_mass_3_SF_10_Dir+SF_10_Sym+HY_10_Dir_8_drop0.3_S1,21.9617,40.3884,47.5624,11.5532,40.3082,0.6338,2.5603,0.7887,55.4177,19.7397,0.8991,8.8528,23.2688,21.0443
baseline_degree_mix_mass_3_SF_10_Dir+SF_10_Sym+HY_10_Dir_8_drop0.3_S2,21.9617,40.3884,47.5624,11.5532,40.3082,0.6338,2.5603,0.7887,55.4177,19.7397,0.8991,8.8528,23.2688,21.0443
baseline_degree_mix_mass_3_SF_10_Dir+SF_10_Sym+HY_10_Dir_8_drop0.3_S3,21.9617,40.3884,47.5624,11.5532,40.3082,0.6338,2.5603,0.7887,55.4177,19.7397,0.8991,8.8528,23.2688,21.0443
baseline_degree_mix_mass_3_SF_10_Dir+SF_10_Sym+HY_10_Dir_12_drop0.3_S2,46.8766,84.9424,97.0168,24.7010,86.4615,1.3573,5.5691,1.6751,114.3522,40.0812,1.8796,18.9698,50.5025,43.0821
baseline_degree_mix_mass_3_SF_10_Dir+SF_10_Sym+HY_10_Dir_16_drop0.3_S1,81.1312,145.8778,163.8703,42.7879,150.0235,2.3533,9.7321,2.8918,194.3832,67.5287,3.2178,32.8979,88.1565,72.9165
baseline_degree_mix_mass_3_SF_10_Dir+SF_10_Sym+HY_10_Dir_16_drop0.3_S2,81.1312,145.8778,163.8703,42.7879,150.0235,2.3533,9.7321,2.8918,194.3832,67.5287,3.2178,32.8979,88.1565,72.9165
baseline_degree_mix_mass_3_SF_10_Dir+SF_10_Sym+HY_10_Dir_16_L2_drop0.3_S3,47.7402,85.6030,95.5859,25.1855,88.3579,1.3856,5.7461,1.7001,113.6468,39.3529,1.8861,19.3719,52.0302,42.5636
baseline_degree_mix_mass_3_SF_10_Dir+SF_10_Sym+HY_10_Dir_12_drop0.3_S3,46.8766,84.9424,97.0168,24.7010,86.4615,1.3573,5.5691,1.6751,114.3522,40.0812,1.8796,18.9698,50.5025,43.0821
baseline_degree_mix_mass_3_SF_10_Dir+SF_10_Sym+HY_10_Dir_16_drop0.3_S3,81.1312,145.8778,163.8703,42.7879,150.0235,2.3533,9.7321,2.8918,194.3832,67.5287,3.2178,32.8979,88.1565,72.9165
baseline_degree_mix_mass_3_SF_10_Dir+SF_10_Sym+HY_10_Dir_16_L2_drop0.3_S1,47.7402,85.6030,95.5859,25.1855,88.3579,1.3856,5.7461,1.7001,113.6468,39.3529,1.8861,19.3719,52.0302,42.5636
baseline_degree_mix_mass_3_SF_10_Dir+SF_10_Sym+HY_10_Dir_32_drop0.3_S1,311.5457,553.4338,605.2757,164.5259,578.3578,9.0607,37.9261,11.0609,725.4737,248.3782,12.1463,126.7211,342.9763,270.2196
baseline_degree_mix_mass_3_SF_10_Dir+SF_10_Sym+HY_10_Dir_8_L6_drop0.3_S1,30.9701,57.0427,67.3839,16.2892,56.8124,0.8935,3.6033,1.1127,78.4220,27.9789,1.2706,12.4790,32.7553,29.8036
baseline_degree_mix_mass_3_SF_10_Dir+SF_10_Sym+HY_10_Dir_12_drop0.3_S1,46.8766,84.9424,97.0168,24.7010,86.4615,1.3573,5.5691,1.6751,114.3522,40.0812,1.8796,18.9698,50.5025,43.0821
baseline_degree_mix_mass_3_SF_10_Dir+SF_10_Sym+HY_10_Dir_32_drop0.3_S2,311.5457,553.4338,605.2757,164.5259,578.3578,9.0607,37.9261,11.0609,725.4737,248.3782,12.1463,126.7211,342.9763,270.2196
baseline_degree_mix_mass_3_SF_10_Dir+SF_10_Sym+HY_10_Dir_12_L6_drop0.3_S3,66.1534,120.0343,137.4875,34.8534,121.9622,1.9149,7.8460,2.3650,161.8791,56.8257,2.6576,26.7612,71.1635,61.0330
baseline_degree_mix_mass_3_SF_10_Dir+SF_10_Sym+HY_10_Dir_12_L6_drop0.3_S2,66.1534,120.0343,137.4875,34.8534,121.9622,1.9149,7.8460,2.3650,161.8791,56.8257,2.6576,26.7612,71.1635,61.0330
baseline_degree_mix_mass_3_SF_10_Dir+SF_10_Sym+HY_10_Dir_16_L6_drop0.3_S1,114.5222,206.1526,232.1547,60.3904,211.6890,3.3209,13.7180,4.0836,275.1196,95.7044,4.5495,46.4238,124.2829,103.2693
baseline_degree_mix_mass_3_SF_10_Dir+SF_10_Sym+HY_10_Dir_12_L6_drop0.3_S1,66.1534,120.0343,137.4875,34.8534,121.9622,1.9149,7.8460,2.3650,161.8791,56.8257,2.6576,26.7612,71.1635,61.0330
baseline_degree_mix_mass_3_SF_10_Dir+SF_10_Sym+HY_10_Dir_16_L6_drop0.3_S2,114.5222,206.1526,232.1547,60.3904,211.6890,3.3209,13.7180,4.0836,275.1196,95.7044,4.5495,46.4238,124.2829,103.2693
baseline_degree_mix_mass_3_SF_10_Dir+SF_10_Sym+HY_10_Dir_16_L6_drop0.3_S3,114.5222,206.1526,232.1547,60.3904,211.6890,3.3209,13.7180,4.0836,275.1196,95.7044,4.5495,46.4238,124.2829,103.2693
baseline_degree_mix_mass_3_SF_10_Dir+SF_10_Sym+HY_10_Dir_32_L6_drop0.3_S3,439.8509,781.8931,856.4580,232.2659,816.3651,12.7903,53.5012,15.6196,1025.9167,351.5389,17.1653,178.8780,483.8713,382.2836
baseline_degree_mix_mass_3_SF_10_Dir+SF_10_Sym+HY_10_Dir_12_L2_drop0.0_S1,27.5999,49.8504,56.5460,14.5486,50.9607,0.7997,3.2923,0.9852,66.8252,23.3367,1.1016,11.1784,29.8414,25.1312
baseline_degree_mix_mass_3_SF_10_Dir+SF_10_Sym+HY_10_Dir_32_L6_drop0.3_S1,439.8509,781.8931,856.4580,232.2659,816.3651,12.7903,53.5012,15.6196,1025.9167,351.5389,17.1653,178.8780,483.8713,382.2836
baseline_degree_mix_mass_3_SF_10_Dir+SF_10_Sym+HY_10_Dir_32_drop0.3_S3,311.5457,553.4338,605.2757,164.5259,578.3578,9.0607,37.9261,11.0609,725.4737,248.3782,12.1463,126.7211,342.9763,270.2196
baseline_degree_mix_mass_3_SF_10_Dir+SF_10_Sym+HY_10_Dir_12_L2_drop0.0_S2,27.5999,49.8504,56.5460,14.5486,50.9607,0.7997,3.2923,0.9852,66.8252,23.3367,1.1016,11.1784,29.8414,25.1312
baseline_degree_mix_mass_3_SF_10_Dir+SF_10_Sym+HY_10_Dir_12_L2_drop0.1_S1,27.5999,49.8504,56.5460,14.5486,50.9607,0.7997,3.2923,0.9852,66.8252,23.3367,1.1016,11.1784,29.8414,25.1312
baseline_degree_mix_mass_3_SF_10_Dir+SF_10_Sym+HY_10_Dir_12_L2_drop0.2_S1,27.5999,49.8504,56.5460,14.5486,50.9607,0.7997,3.2923,0.9852,66.8252,23.3367,1.1016,11.1784,29.8414,25.1312
baseline_degree_mix_mass_3_SF_10_Dir+SF_10_Sym+HY_10_Dir_12_L2_drop0.1_S2,27.5999,49.8504,56.5460,14.5486,50.9607,0.7997,3.2923,0.9852,66.8252,23.3367,1.1016,11.1784,29.8414,25.1312
baseline_degree_mix_mass_3_SF_10_Dir+SF_10_Sym+HY_10_Dir_12_L2_drop0.2_S2,27.5999,49.8504,56.5460,14.5486,50.9607,0.7997,3.2923,0.9852,66.8252,23.3367,1.1016,11.1784,29.8414,25.1312
baseline_degree_mix_mass_3_SF_10_Dir+SF_10_Sym+HY_10_Dir_8_L6_drop0.3_S2,30.9701,57.0427,67.3839,16.2892,56.8124,0.8935,3.6033,1.1127,78.4220,27.9789,1.2706,12.4790,32.7553,29.8036
baseline_degree_mix_mass_3_SF_10_Dir+SF_10_Sym+HY_10_Dir_12_L2_drop0.5_S2,27.5999,49.8504,56.5460,14.5486,50.9607,0.7997,3.2923,0.9852,66.8252,23.3367,1.1016,11.1784,29.8414,25.1312
baseline_degree_mix_mass_3_SF_10_Dir+SF_10_Sym+HY_10_Dir_12_L2_drop0.2_S3,27.5999,49.8504,56.5460,14.5486,50.9607,0.7997,3.2923,0.9852,66.8252,23.3367,1.1016,11.1784,29.8414,25.1312
baseline_degree_mix_mass_3_SF_10_Dir+SF_10_Sym+HY_10_Dir_12_L2_drop0.4_S2,27.5999,49.8504,56.5460,14.5486,50.9607,0.7997,3.2923,0.9852,66.8252,23.3367,1.1016,11.1784,29.8414,25.1312
baseline_degree_mix_mass_3_SF_10_Dir+SF_10_Sym+HY_10_Dir_12_L2_drop0.0_S3,27.5999,49.8504,56.5460,14.5486,50.9607,0.7997,3.2923,0.9852,66.8252,23.3367,1.1016,11.1784,29.8414,25.1312
baseline_degree_mix_mass_3_SF_10_Dir+SF_10_Sym+HY_10_Dir_32_L6_drop0.3_S2,439.8509,781.8931,856.4580,232.2659,816.3651,12.7903,53.5012,15.6196,1025.9167,351.5389,17.1653,178.8780,483.8713,382.2836
baseline_degree_mix_mass_3_SF_10_Dir+SF_10_Sym+HY_10_Dir_12_L2_drop0.4_S3,27.5999,49.8504,56.5460,14.5486,50.9607,0.7997,3.2923,0.9852,66.8252,23.3367,1.1016,11.1784,29.8414,25.1312
baseline_degree_mix_mass_3_SF_10_Dir+SF_10_Sym+HY_10_Dir_12_L2_drop0.4_S1,27.5999,49.8504,56.5460,14.5486,50.9607,0.7997,3.2923,0.9852,66.8252,23.3367,1.1016,11.1784,29.8414,25.1312
baseline_degree_mix_mass_3_SF_10_Dir+SF_10_Sym+HY_10_Dir_12_L2_drop0.1_S3,27.5999,49.8504,56.5460,14.5486,50.9607,0.7997,3.2923,0.9852,66.8252,23.3367,1.1016,11.1784,29.8414,25.1312
baseline_degree_mix_mass_3_SF_10_Dir+SF_10_Sym+HY_10_Dir_12_L2_drop0.5_S3,27.5999,49.8504,56.5460,14.5486,50.9607,0.7997,3.2923,0.9852,66.8252,23.3367,1.1016,11.1784,29.8414,25.1312
baseline_degree_mix_mass_3_SF_10_Dir+SF_10_Sym+HY_10_Dir_12_L2_drop0.5_S1,27.5999,49.8504,56.5460,14.5486,50.9607,0.7997,3.2923,0.9852,66.8252,23.3367,1.1016,11.1784,29.8414,25.1312
baseline_degree_mix_mass_3_SF_10_Dir+SF_10_Sym+HY_10_Dir_8_L6_drop0.3_S3,30.9701,57.0427,67.3839,16.2892,56.8124,0.8935,3.6033,1.1127,78.4220,27.9789,1.2706,12.4790,32.7553,29.8036
SILVAN_eps0.01_delta0.1_S1,0.062420,0.162996,0.295770,0.249220,0.045328,0.004451,0.000716,0.003596,0.154619,0.138373,0.014439,0.149779,0.000746,0.197680
SILVAN_eps0.01_delta0.05_S1,0.061510,0.166215,0.331796,0.276137,0.046018,0.004499,0.000848,0.004045,0.184199,0.155284,0.014512,0.152097,0.000766,0.228075
SILVAN_eps0.0005_delta0.05_S1,12.949169,-,-,-,-,-,-,-,-,-,-,-,-,-
SILVAN_eps0.0005_delta0.05_S1,-,8.905461,-,-,-,-,-,-,-,-,-,-,-,-
SILVAN_eps0.0005_delta0.05_S1,-,-,18.303231,-,-,-,-,-,-,-,-,-,-,-
SILVAN_eps0.0005_delta0.05_S1,-,-,-,22.251119,-,-,-,-,-,-,-,-,-,-
SILVAN_eps0.0005_delta0.05_S1,-,-,-,-,3.989673,-,-,-,-,-,-,-,-,-
SILVAN_eps0.0005_delta0.05_S1,-,-,-,-,-,0.449527,-,-,-,-,-,-,-,-
SILVAN_eps0.0005_delta0.05_S1,-,-,-,-,-,-,0.097842,-,-,-,-,-,-,-
SILVAN_eps0.0005_delta0.05_S1,-,-,-,-,-,-,-,0.686277,-,-,-,-,-,-
SILVAN_eps0.0005_delta0.05_S1,-,-,-,-,-,-,-,-,11.233746,-,-,-,-,-
SILVAN_eps0.0005_delta0.05_S1,-,-,-,-,-,-,-,-,-,13.284164,-,-,-,-
SILVAN_eps0.0005_delta0.05_S1,-,-,-,-,-,-,-,-,-,-,3.775119,-,-,-
SILVAN_eps0.0005_delta0.05_S1,-,-,-,-,-,-,-,-,-,-,-,28.994475,-,-
SILVAN_eps0.0005_delta0.05_S1,-,-,-,-,-,-,-,-,-,-,-,-,0.035001,-
SILVAN_eps0.0005_delta0.05_S1,-,-,-,-,-,-,-,-,-,-,-,-,-,15.683736
SILVAN_eps0.01_delta0.1_S2,0.062508,0.162322,0.293208,0.250128,0.049174,0.004700,0.000705,0.003569,0.138489,0.157393,0.013668,0.148778,0.000767,0.195842
SILVAN_eps0.01_delta0.05_S2,0.065002,0.160262,0.333068,0.275899,0.046018,0.005076,0.000805,0.003886,0.153544,0.152593,0.014497,0.156933,0.000590,0.211005
SILVAN_eps0.0005_delta0.05_S2,13.117311,-,-,-,-,-,-,-,-,-,-,-,-,-
baseline_degree_mix_mass_3_SF_10_Dir+SF_10_SymBA+HY_10_Dir_12_L2_drop0.1_S2,27.5999,49.8504,56.5460,14.5486,50.9607,0.7997,3.2923,0.9852,66.8252,23.3367,1.1016,11.1784,29.8414,25.1312
SILVAN_eps0.0005_delta0.05_S2,-,-,-,21.497637,-,-,-,-,-,-,-,-,-,-
SILVAN_eps0.0005_delta0.05_S2,-,-,-,-,3.988099,-,-,-,-,-,-,-,-,-
SILVAN_eps0.0005_delta0.05_S2,-,-,18.415892,-,-,-,-,-,-,-,-,-,-,-
SILVAN_eps0.0005_delta0.05_S2,-,-,-,-,-,0.451924,-,-,-,-,-,-,-,-
SILVAN_eps0.0005_delta0.05_S2,-,-,-,-,-,-,0.098444,-,-,-,-,-,-,-
SILVAN_eps0.0005_delta0.05_S2,-,-,-,-,-,-,-,0.685661,-,-,-,-,-,-
SILVAN_eps0.0005_delta0.05_S2,-,-,-,-,-,-,-,-,-,12.971201,-,-,-,-
SILVAN_eps0.0005_delta0.05_S2,-,-,-,-,-,-,-,-,11.532317,-,-,-,-,-
SILVAN_eps0.0005_delta0.05_S2,-,10.295501,-,-,-,-,-,-,-,-,-,-,-,-
SILVAN_eps0.0005_delta0.05_S2,-,-,-,-,-,-,-,-,-,-,3.776878,-,-,-
SILVAN_eps0.0005_delta0.05_S2,-,-,-,-,-,-,-,-,-,-,-,-,0.035359,-
SILVAN_eps0.0005_delta0.05_S2,-,-,-,-,-,-,-,-,-,-,-,29.766273,-,-
baseline_degree_mix_mass_3_SF_10_Dir+SF_10_SymBA+HY_10_Dir_12_L2_drop0.1_S3,27.5999,49.8504,56.5460,14.5486,50.9607,0.7997,3.2923,0.9852,66.8252,23.3367,1.1016,11.1784,29.8414,25.1312
SILVAN_eps0.0005_delta0.05_S2,-,-,-,-,-,-,-,-,-,-,-,-,-,15.313928
baseline_degree_mix_mass_3_SF_10_Dir+SF_10_SymBA+HY_10_Dir_12_L2_drop0.1_S1,27.5999,49.8504,56.5460,14.5486,50.9607,0.7997,3.2923,0.9852,66.8252,23.3367,1.1016,11.1784,29.8414,25.1312
SILVAN_eps0.01_delta0.1_S3,0.065566,0.156325,0.292914,0.251649,0.047760,0.004447,0.000734,0.003596,0.153628,0.152010,0.012936,0.146476,0.000653,0.196371
SILVAN_eps0.0005_delta0.05_S3,12.758838,-,-,-,-,-,-,-,-,-,-,-,-,-
SILVAN_eps0.01_delta0.05_S3,0.064066,0.161462,0.333700,0.275940,0.057865,0.005000,0.000727,0.003652,0.161072,0.151547,0.014580,0.151188,0.000766,0.210622
SILVAN_eps0.0005_delta0.05_S3,-,10.008782,-,-,-,-,-,-,-,-,-,-,-,-
SILVAN_eps0.0005_delta0.05_S3,-,-,-,21.226536,-,-,-,-,-,-,-,-,-,-
SILVAN_eps0.0005_delta0.05_S3,-,-,-,-,3.989288,-,-,-,-,-,-,-,-,-
SILVAN_eps0.0005_delta0.05_S3,-,-,18.338352,-,-,-,-,-,-,-,-,-,-,-
SILVAN_eps0.0005_delta0.05_S3,-,-,-,-,-,0.451988,-,-,-,-,-,-,-,-
SILVAN_eps0.0005_delta0.05_S3,-,-,-,-,-,-,0.099289,-,-,-,-,-,-,-
SILVAN_eps0.0005_delta0.05_S3,-,-,-,-,-,-,-,0.687781,-,-,-,-,-,-
SILVAN_eps0.0005_delta0.05_S3,-,-,-,-,-,-,-,-,9.209135,-,-,-,-,-
SILVAN_eps0.0005_delta0.05_S3,-,-,-,-,-,-,-,-,-,12.857896,-,-,-,-
SILVAN_eps0.0005_delta0.05_S3,-,-,-,-,-,-,-,-,-,-,3.723320,-,-,-
SILVAN_eps0.0005_delta0.05_S3,-,-,-,-,-,-,-,-,-,-,-,29.348584,-,-
SILVAN_eps0.0005_delta0.05_S3,-,-,-,-,-,-,-,-,-,-,-,-,0.031908,-
baseline_degree_mix_mass_3_SF_10_Dir+SF_10_Sym+HY_10_mNN_12_L2_drop0.3_S2,27.5999,49.8504,56.5460,14.5486,50.9607,0.7997,3.2923,0.9852,66.8252,23.3367,1.1016,11.1784,29.8414,25.1312
baseline_degree_mix_mass_3_SF_10_Dir+SF_10_Sym+HY_10_mNN_12_L2_drop0.3_S1,27.5999,49.8504,56.5460,14.5486,50.9607,0.7997,3.2923,0.9852,66.8252,23.3367,1.1016,11.1784,29.8414,25.1312
baseline_degree_mix_mass_3_SF_10_Dir+SF_10_SymBA+HY_10_Dir_12_L2_drop0.3_S2,27.5999,49.8504,56.5460,14.5486,50.9607,0.7997,3.2923,0.9852,66.8252,23.3367,1.1016,11.1784,29.8414,25.1312
baseline_degree_mix_mass_3_SF_10_Dir+SF_10_Sym+HY_10_mNN_12_L2_drop0.3_S3,27.5999,49.8504,56.5460,14.5486,50.9607,0.7997,3.2923,0.9852,66.8252,23.3367,1.1016,11.1784,29.8414,25.1312
SILVAN_eps0.0005_delta0.05_S3,-,-,-,-,-,-,-,-,-,-,-,-,-,16.092817
baseline_degree_mix_mass_3_SF_10_Dir+SF_10_SymBA+HY_10_Dir_12_L2_drop0.3_S1,27.5999,49.8504,56.5460,14.5486,50.9607,0.7997,3.2923,0.9852,66.8252,23.3367,1.1016,11.1784,29.8414,25.1312
baseline_degree_mix_mass_3_SF_10_Dir+SF_10_SymBA+HY_10_Dir_12_L2_drop0.3_S3,27.5999,49.8504,56.5460,14.5486,50.9607,0.7997,3.2923,0.9852,66.8252,23.3367,1.1016,11.1784,29.8414,25.1312
baseline_degree_mix_mass_1_SF_10_Dir+SF_10_Sym+HY_10_Dir_12_L2_drop0.1_S1,27.3076,49.2310,55.6215,14.3975,50.4518,0.7916,3.2649,0.9742,65.8330,22.9412,1.0871,11.0653,29.5858,24.7323
baseline_degree_mix_mass_3_SF_10_Dir+SF_10_Sym+HY_10_Dir_12_L2_drop0.1_S2,27.5999,49.8504,56.5460,14.5486,50.9607,0.7997,3.2923,0.9852,66.8252,23.3367,1.1016,11.1784,29.8414,25.1312
baseline_degree_mix_mass_2_SF_10_Dir+SF_10_Sym+HY_10_Dir_12_L2_drop0.1_S2,27.4537,49.5407,56.0838,14.4731,50.7063,0.7957,3.2786,0.9797,66.3291,23.1390,1.0944,11.1218,29.7136,24.9317
baseline_degree_mix_mass_4_SF_10_Dir+SF_10_Sym+HY_10_Dir_12_L2_drop0.1_S1,27.7460,50.1602,57.0082,14.6242,51.2152,0.8038,3.3059,0.9907,67.3214,23.5345,1.1089,11.2349,29.9692,25.3307
baseline_degree_mix_mass_2_SF_10_Dir+SF_10_Sym+HY_10_Dir_12_L2_drop0.1_S3,27.4537,49.5407,56.0838,14.4731,50.7063,0.7957,3.2786,0.9797,66.3291,23.1390,1.0944,11.1218,29.7136,24.9317
baseline_degree_mix_mass_3_SF_10_Dir+SF_10_Sym+HY_10_Dir_12_L2_drop0.1_S3,27.5999,49.8504,56.5460,14.5486,50.9607,0.7997,3.2923,0.9852,66.8252,23.3367,1.1016,11.1784,29.8414,25.1312
baseline_degree_mix_mass_4_SF_10_Dir+SF_10_Sym+HY_10_Dir_12_L2_drop0.1_S2,27.7460,50.1602,57.0082,14.6242,51.2152,0.8038,3.3059,0.9907,67.3214,23.5345,1.1089,11.2349,29.9692,25.3307
baseline_degree_mix_mass_4_SF_10_Dir+SF_10_Sym+HY_10_Dir_12_L2_drop0.1_S3,27.7460,50.1602,57.0082,14.6242,51.2152,0.8038,3.3059,0.9907,67.3214,23.5345,1.1089,11.2349,29.9692,25.3307
baseline_degree_mix_mass_2_SF_10_Dir+SF_10_Sym+HY_10_Dir_12_L2_drop0.1_S1,27.4537,49.5407,56.0838,14.4731,50.7063,0.7957,3.2786,0.9797,66.3291,23.1390,1.0944,11.1218,29.7136,24.9317
baseline_degree_mix_mass_1_SF_10_Dir+SF_10_Sym+HY_10_Dir_12_L2_drop0.1_S2,27.3076,49.2310,55.6215,14.3975,50.4518,0.7916,3.2649,0.9742,65.8330,22.9412,1.0871,11.0653,29.5858,24.7323
baseline_degree_mix_mass_3_SF_10_Dir+SF_10_Sym+HY_10_Dir_12_L2_drop0.1_S2,27.5999,49.8504,56.5460,14.5486,50.9607,0.7997,3.2923,0.9852,66.8252,23.3367,1.1016,11.1784,29.8414,25.1312
baseline_degree_mix_mass_3_SF_10_Dir+SF_10_Sym+HY_10_Dir_12_L2_drop0.1_S1,27.5999,49.8504,56.5460,14.5486,50.9607,0.7997,3.2923,0.9852,66.8252,23.3367,1.1016,11.1784,29.8414,25.1312
baseline_degree_mix_mass_3_SF_10_Dir+SF_10_Sym+HY_10_Dir_12_L2_drop0.1_S3,27.5999,49.8504,56.5460,14.5486,50.9607,0.7997,3.2923,0.9852,66.8252,23.3367,1.1016,11.1784,29.8414,25.1312
baseline_degree_mix_mass_1_SF_10_Dir+SF_10_Sym+HY_10_Dir_12_L2_drop0.3_S2,27.3076,49.2310,55.6215,14.3975,50.4518,0.7916,3.2649,0.9742,65.8330,22.9412,1.0871,11.0653,29.5858,24.7323
baseline_degree_mix_mass_1_SF_10_Dir+SF_10_Sym+HY_10_Dir_12_L2_drop0.1_S3,27.3076,49.2310,55.6215,14.3975,50.4518,0.7916,3.2649,0.9742,65.8330,22.9412,1.0871,11.0653,29.5858,24.7323
baseline_degree_mix_mass_2_SF_10_Dir+SF_10_Sym+HY_10_Dir_12_L2_drop0.3_S3,27.4537,49.5407,56.0838,14.4731,50.7063,0.7957,3.2786,0.9797,66.3291,23.1390,1.0944,11.1218,29.7136,24.9317
baseline_degree_mix_mass_4_SF_10_Dir+SF_10_Sym+HY_10_Dir_12_L2_drop0.3_S1,27.7460,50.1602,57.0082,14.6242,51.2152,0.8038,3.3059,0.9907,67.3214,23.5345,1.1089,11.2349,29.9692,25.3307
baseline_degree_mix_mass_4_SF_10_Dir+SF_10_Sym+HY_10_Dir_12_L2_drop0.3_S2,27.7460,50.1602,57.0082,14.6242,51.2152,0.8038,3.3059,0.9907,67.3214,23.5345,1.1089,11.2349,29.9692,25.3307
baseline_degree_mix_mass_4_SF_10_Dir+SF_10_Sym+HY_10_Dir_12_L2_drop0.3_S3,27.7460,50.1602,57.0082,14.6242,51.2152,0.8038,3.3059,0.9907,67.3214,23.5345,1.1089,11.2349,29.9692,25.3307
baseline_degree_mix_mass_2_SF_10_Dir+SF_10_Sym+HY_10_Dir_12_L2_drop0.3_S1,27.4537,49.5407,56.0838,14.4731,50.7063,0.7957,3.2786,0.9797,66.3291,23.1390,1.0944,11.1218,29.7136,24.9317
baseline_degree_mix_mass_2_SF_10_Dir+SF_10_Sym+HY_10_Dir_12_L2_drop0.3_S2,27.4537,49.5407,56.0838,14.4731,50.7063,0.7957,3.2786,0.9797,66.3291,23.1390,1.0944,11.1218,29.7136,24.9317
baseline_degree_mix_mass_1_SF_10_Dir+SF_10_Sym+HY_10_Dir_12_L2_drop0.3_S1,27.3076,49.2310,55.6215,14.3975,50.4518,0.7916,3.2649,0.9742,65.8330,22.9412,1.0871,11.0653,29.5858,24.7323
baseline_degree_mix_mass_1_SF_10_Dir+SF_10_Sym+HY_10_Dir_12_L2_drop0.3_S3,27.3076,49.2310,55.6215,14.3975,50.4518,0.7916,3.2649,0.9742,65.8330,22.9412,1.0871,11.0653,29.5858,24.7323
baseline_degree_mix_mass_3_SF_10_Dir+SF_10_Sym+HY_10_Dir_12_L2_drop0.1_S1,27.5999,49.8504,56.5460,14.5486,50.9607,0.7997,3.2923,0.9852,66.8252,23.3367,1.1016,11.1784,29.8414,25.1312
baseline_degree_mix_mass_5_SF_10_Dir+SF_10_Sym+HY_10_Dir_12_L2_drop0.3_S1,27.8921,50.4699,57.4705,14.6997,51.4697,0.8079,3.3196,0.9963,67.8175,23.7323,1.1162,11.2914,30.0970,25.5301
baseline_degree_mix_independent_3_SF_10_Dir+SF_10_Sym+HY_10_Dir_12_L2_drop0.3_S1,27.5999,49.8504,56.5460,14.5486,50.9607,0.7997,3.2923,0.9852,66.8252,23.3367,1.1016,11.1784,29.8414,25.1312
baseline_degree_mix_independent_3_SF_10_Dir+SF_10_Sym+HY_10_Dir_12_L2_drop0.3_S3,27.5999,49.8504,56.5460,14.5486,50.9607,0.7997,3.2923,0.9852,66.8252,23.3367,1.1016,11.1784,29.8414,25.1312
baseline_degree_mix_mass_6_SF_10_Dir+SF_10_Sym+HY_10_Dir_12_L2_drop0.3_S1,28.0383,50.7796,57.9327,14.7753,51.7242,0.8120,3.3333,1.0018,68.3136,23.9301,1.1234,11.3480,30.2248,25.7296
baseline_degree_mix_mass_12_SF_10_Dir+SF_10_Sym+HY_10_Dir_12_L2_drop0.3_S1,28.9152,52.6379,60.7062,15.2286,53.2511,0.8364,3.4153,1.0349,71.2904,25.1167,1.1670,11.6871,30.9916,26.9263
baseline_degree_mix_mass_6_SF_10_Dir+SF_10_Sym+HY_10_Dir_12_L2_drop0.3_S2,28.0383,50.7796,57.9327,14.7753,51.7242,0.8120,3.3333,1.0018,68.3136,23.9301,1.1234,11.3480,30.2248,25.7296
baseline_degree_mix_mass_12_SF_10_Dir+SF_10_Sym+HY_10_Dir_12_L2_drop0.3_S3,28.9152,52.6379,60.7062,15.2286,53.2511,0.8364,3.4153,1.0349,71.2904,25.1167,1.1670,11.6871,30.9916,26.9263
baseline_degree_mix_mass_12_SF_10_Dir+SF_10_Sym+HY_10_Dir_12_L2_drop0.3_S2,28.9152,52.6379,60.7062,15.2286,53.2511,0.8364,3.4153,1.0349,71.2904,25.1167,1.1670,11.6871,30.9916,26.9263
baseline_degree_mix_independent_3_SF_10_Dir+SF_10_Sym+HY_10_Dir_12_L2_drop0.3_S2,27.5999,49.8504,56.5460,14.5486,50.9607,0.7997,3.2923,0.9852,66.8252,23.3367,1.1016,11.1784,29.8414,25.1312
baseline_degree_mix_mass_5_SF_10_Dir+SF_10_Sym+HY_10_Dir_12_L2_drop0.3_S3,27.8921,50.4699,57.4705,14.6997,51.4697,0.8079,3.3196,0.9963,67.8175,23.7323,1.1162,11.2914,30.0970,25.5301
baseline_random_3_SF_10_Dir+SF_10_Sym+HY_10_Dir_12_L2_drop0.3_S2,27.4704,49.4633,55.7350,14.4854,50.7733,0.7965,3.2894,0.9796,66.0349,22.9785,1.0917,11.1349,29.8028,24.7908
baseline_degree_mix_mass_5_SF_10_Dir+SF_10_Sym+HY_10_Dir_12_L2_drop0.3_S2,27.8921,50.4699,57.4705,14.6997,51.4697,0.8079,3.3196,0.9963,67.8175,23.7323,1.1162,11.2914,30.0970,25.5301
baseline_random_3_SF_10_Dir+SF_10_Sym+HY_10_Dir_12_L2_drop0.3_S1,27.4704,49.4633,55.7350,14.4854,50.7733,0.7965,3.2894,0.9796,66.0349,22.9785,1.0917,11.1349,29.8028,24.7908
baseline_degree_mix_mass_3_HY_10_Sym_12_L2_drop0.3_S2,27.5999,49.8504,56.5460,14.5486,50.9607,0.7997,3.2923,0.9852,66.8252,23.3367,1.1016,11.1784,29.8414,25.1312
baseline_random_3_SF_10_Dir+SF_10_Sym+HY_10_Dir_12_L2_drop0.3_S3,27.4704,49.4633,55.7350,14.4854,50.7733,0.7965,3.2894,0.9796,66.0349,22.9785,1.0917,11.1349,29.8028,24.7908
baseline_degree_mix_mass_6_SF_10_Dir+SF_10_Sym+HY_10_Dir_12_L2_drop0.3_S3,28.0383,50.7796,57.9327,14.7753,51.7242,0.8120,3.3333,1.0018,68.3136,23.9301,1.1234,11.3480,30.2248,25.7296
baseline_degree_mix_mass_6_SF_10_Dir+SF_10_Sym+HY_10_Dir_12_L2_drop0.2_S3,28.0383,50.7796,57.9327,14.7753,51.7242,0.8120,3.3333,1.0018,68.3136,23.9301,1.1234,11.3480,30.2248,25.7296
baseline_degree_mix_mass_6_SF_10_Dir+SF_10_Sym+HY_10_Dir_12_L2_drop0.1_S1,28.0383,50.7796,57.9327,14.7753,51.7242,0.8120,3.3333,1.0018,68.3136,23.9301,1.1234,11.3480,30.2248,25.7296
baseline_degree_mix_mass_6_SF_10_Dir+SF_10_Sym+HY_10_Dir_12_L2_drop0.2_S2,28.0383,50.7796,57.9327,14.7753,51.7242,0.8120,3.3333,1.0018,68.3136,23.9301,1.1234,11.3480,30.2248,25.7296
baseline_degree_mix_mass_6_SF_10_Dir+SF_10_Sym+HY_10_Dir_12_L2_drop0.1_S3,28.0383,50.7796,57.9327,14.7753,51.7242,0.8120,3.3333,1.0018,68.3136,23.9301,1.1234,11.3480,30.2248,25.7296
baseline_degree_mix_mass_6_SF_10_Dir+SF_10_Sym+HY_10_Dir_12_L2_drop0.5_S2,28.0383,50.7796,57.9327,14.7753,51.7242,0.8120,3.3333,1.0018,68.3136,23.9301,1.1234,11.3480,30.2248,25.7296
baseline_degree_mix_mass_6_SF_10_Dir+SF_10_Sym+HY_10_Dir_12_L2_drop0.2_S1,28.0383,50.7796,57.9327,14.7753,51.7242,0.8120,3.3333,1.0018,68.3136,23.9301,1.1234,11.3480,30.2248,25.7296
baseline_degree_mix_mass_6_SF_10_Dir+SF_10_Sym+HY_10_Dir_12_L2_drop0.5_S1,28.0383,50.7796,57.9327,14.7753,51.7242,0.8120,3.3333,1.0018,68.3136,23.9301,1.1234,11.3480,30.2248,25.7296
baseline_degree_mix_mass_6_SF_10_Dir+SF_10_Sym+HY_10_Dir_12_L2_drop0.4_S1,28.0383,50.7796,57.9327,14.7753,51.7242,0.8120,3.3333,1.0018,68.3136,23.9301,1.1234,11.3480,30.2248,25.7296
baseline_degree_mix_mass_6_SF_10_Dir+SF_10_Sym+HY_10_Dir_12_L2_drop0.4_S2,28.0383,50.7796,57.9327,14.7753,51.7242,0.8120,3.3333,1.0018,68.3136,23.9301,1.1234,11.3480,30.2248,25.7296
baseline_degree_mix_mass_6_SF_10_Dir+SF_10_Sym+HY_10_Dir_12_L2_drop0.0_S3,28.0383,50.7796,57.9327,14.7753,51.7242,0.8120,3.3333,1.0018,68.3136,23.9301,1.1234,11.3480,30.2248,25.7296
baseline_degree_mix_mass_6_SF_10_Dir+SF_10_Sym+HY_10_Dir_12_L2_drop0.4_S3,28.0383,50.7796,57.9327,14.7753,51.7242,0.8120,3.3333,1.0018,68.3136,23.9301,1.1234,11.3480,30.2248,25.7296
baseline_degree_mix_mass_6_SF_10_Dir+SF_10_Sym+HY_10_Dir_12_L2_drop0.0_S2,28.0383,50.7796,57.9327,14.7753,51.7242,0.8120,3.3333,1.0018,68.3136,23.9301,1.1234,11.3480,30.2248,25.7296
baseline_degree_mix_mass_6_SF_10_Dir+SF_10_Sym+HY_10_Dir_12_L2_drop0.5_S3,28.0383,50.7796,57.9327,14.7753,51.7242,0.8120,3.3333,1.0018,68.3136,23.9301,1.1234,11.3480,30.2248,25.7296
baseline_degree_mix_mass_6_SF_10_Dir+SF_10_Sym+HY_10_Dir_12_L2_drop0.0_S1,28.0383,50.7796,57.9327,14.7753,51.7242,0.8120,3.3333,1.0018,68.3136,23.9301,1.1234,11.3480,30.2248,25.7296
baseline_degree_mix_mass_6_SF_10_Dir+SF_10_Sym+HY_10_Dir_12_L2_drop0.1_S2,28.0383,50.7796,57.9327,14.7753,51.7242,0.8120,3.3333,1.0018,68.3136,23.9301,1.1234,11.3480,30.2248,25.7296
baseline_degree_mix_mass_6_SF_10_Dir+SF_10_Sym+HY_10_Dir_12_L2_drop0.3_S2_fusioncat_mlp,28.2207,51.0995,58.2725,14.8718,52.0642,0.8173,3.3558,1.0082,68.7257,24.0688,1.1304,11.4224,30.4283,25.8819
baseline_degree_mix_mass_6_SF_10_Dir+SF_10_Sym+HY_10_Dir_12_L2_drop0.3_S3_fusioncat_mlp,28.2207,51.0995,58.2725,14.8718,52.0642,0.8173,3.3558,1.0082,68.7257,24.0688,1.1304,11.4224,30.4283,25.8819
baseline_degree_mix_mass_6_SF_10_Dir+SF_10_Sym+HY_10_Dir_12_L2_drop0.3_S1_fusionadd,28.0383,50.7796,57.9327,14.7753,51.7242,0.8120,3.3333,1.0018,68.3136,23.9301,1.1234,11.3480,30.2248,25.7296
baseline_degree_mix_mass_6_SF_10_Dir+SF_10_Sym+HY_10_Dir_12_L2_drop0.3_S3_unshared,28.0383,50.7796,57.9327,14.7753,51.7242,0.8120,3.3333,1.0018,68.3136,23.9301,1.1234,11.3480,30.2248,25.7296
baseline_degree_mix_mass_6_SF_10_Dir+SF_10_Sym+HY_10_Dir_12_L2_drop0.3_S1_unshared,28.0383,50.7796,57.9327,14.7753,51.7242,0.8120,3.3333,1.0018,68.3136,23.9301,1.1234,11.3480,30.2248,25.7296
baseline_degree_mix_mass_6_SF_10_Dir+SF_10_Sym+HY_10_Dir_12_L2_drop0.3_S3_fusionadd,28.0383,50.7796,57.9327,14.7753,51.7242,0.8120,3.3333,1.0018,68.3136,23.9301,1.1234,11.3480,30.2248,25.7296
baseline_degree_mix_mass_6_SF_10_Dir+SF_10_Sym+HY_10_Dir_12_L2_drop0.3_S1_fusioncat_mlp,28.2207,51.0995,58.2725,14.8718,52.0642,0.8173,3.3558,1.0082,68.7257,24.0688,1.1304,11.4224,30.4283,25.8819
baseline_degree_mix_mass_6_SF_10_Dir+SF_10_Sym+HY_10_Dir_12_L2_drop0.3_S2_unshared,28.0383,50.7796,57.9327,14.7753,51.7242,0.8120,3.3333,1.0018,68.3136,23.9301,1.1234,11.3480,30.2248,25.7296
baseline_degree_mix_mass_6_SF_10_Dir+SF_10_Sym+HY_10_Dir_8_L0_drop0.3_S3,4.2805,7.8282,9.1142,2.2532,7.8711,0.1237,0.5026,0.1534,10.6650,3.7763,0.1739,1.7281,4.5643,4.0381
baseline_degree_mix_mass_6_SF_10_Dir+SF_10_Sym+HY_10_Dir_8_L0_drop0.3_S2,4.2805,7.8282,9.1142,2.2532,7.8711,0.1237,0.5026,0.1534,10.6650,3.7763,0.1739,1.7281,4.5643,4.0381
baseline_degree_mix_mass_6_SF_10_Dir+SF_10_Sym+HY_10_Dir_8_L0_drop0.3_S1,4.2805,7.8282,9.1142,2.2532,7.8711,0.1237,0.5026,0.1534,10.6650,3.7763,0.1739,1.7281,4.5643,4.0381
baseline_degree_mix_mass_6_SF_10_Dir+SF_10_Sym+HY_10_Dir_12_L0_drop0.3_S2,8.7615,15.6877,17.4619,4.6229,16.2235,0.2544,1.0564,0.3119,20.7867,7.1856,0.3454,3.5565,9.5638,7.7787
baseline_degree_mix_mass_6_SF_10_Dir+SF_10_Sym+HY_10_Dir_12_L0_drop0.3_S1,8.7615,15.6877,17.4619,4.6229,16.2235,0.2544,1.0564,0.3119,20.7867,7.1856,0.3454,3.5565,9.5638,7.7787
baseline_degree_mix_mass_6_SF_10_Dir+SF_10_Sym+HY_10_Dir_12_L0_drop0.3_S3,8.7615,15.6877,17.4619,4.6229,16.2235,0.2544,1.0564,0.3119,20.7867,7.1856,0.3454,3.5565,9.5638,7.7787
baseline_degree_mix_mass_6_SF_10_Dir+SF_10_Sym+HY_10_Dir_16_L0_drop0.3_S2,14.8906,26.4380,28.8801,7.8641,27.6479,0.4331,1.8139,0.5286,34.6314,11.8489,0.5801,6.0576,16.4021,12.8952
baseline_degree_mix_mass_6_SF_10_Dir+SF_10_Sym+HY_10_Dir_16_L0_drop0.3_S1,14.8906,26.4380,28.8801,7.8641,27.6479,0.4331,1.8139,0.5286,34.6314,11.8489,0.5801,6.0576,16.4021,12.8952
baseline_degree_mix_mass_6_SF_10_Dir+SF_10_Sym+HY_10_Dir_16_L0_drop0.3_S3,14.8906,26.4380,28.8801,7.8641,27.6479,0.4331,1.8139,0.5286,34.6314,11.8489,0.5801,6.0576,16.4021,12.8952
baseline_degree_mix_mass_6_SF_10_Dir+SF_10_Sym+HY_10_Dir_32_L0_drop0.3_S1,55.8889,98.3477,105.2572,29.5451,104.0667,1.6288,6.8805,1.9782,127.2394,43.0419,2.1498,22.7872,62.1444,47.1198
baseline_degree_mix_mass_6_SF_10_Dir+SF_10_Sym+HY_10_Dir_32_L0_drop0.3_S2,55.8889,98.3477,105.2572,29.5451,104.0667,1.6288,6.8805,1.9782,127.2394,43.0419,2.1498,22.7872,62.1444,47.1198
baseline_degree_mix_mass_6_SF_10_Dir+SF_10_Sym+HY_10_Dir_32_L0_drop0.3_S3,55.8889,98.3477,105.2572,29.5451,104.0667,1.6288,6.8805,1.9782,127.2394,43.0419,2.1498,22.7872,62.1444,47.1198
baseline_degree_mix_mass_6_SF_10_Dir+SF_10_Sym+HY_10_Dir_8_L1_drop0.3_S1,8.7847,16.1554,19.0250,4.6213,16.1233,0.2535,1.0241,0.3155,22.1671,7.8959,0.3596,3.5411,9.3075,8.4177
baseline_degree_mix_mass_6_SF_10_Dir+SF_10_Sym+HY_10_Dir_8_L1_drop0.3_S2,8.7847,16.1554,19.0250,4.6213,16.1233,0.2535,1.0241,0.3155,22.1671,7.8959,0.3596,3.5411,9.3075,8.4177
baseline_degree_mix_mass_6_SF_10_Dir+SF_10_Sym+HY_10_Dir_12_L1_drop0.3_S3,18.3999,33.2336,37.6973,9.6991,33.9738,0.5332,2.1948,0.6568,44.5502,15.5578,0.7344,7.4523,19.8943,16.7541
baseline_degree_mix_mass_6_SF_10_Dir+SF_10_Sym+HY_10_Dir_8_L1_drop0.3_S3,8.7847,16.1554,19.0250,4.6213,16.1233,0.2535,1.0241,0.3155,22.1671,7.8959,0.3596,3.5411,9.3075,8.4177
baseline_degree_mix_mass_6_SF_10_Dir+SF_10_Sym+HY_10_Dir_16_L1_drop0.3_S1,31.5861,56.5754,63.0223,16.6654,58.4806,0.9170,3.8068,1.1244,74.9996,25.9367,1.2460,12.8206,34.4653,28.0716
baseline_degree_mix_mass_6_SF_10_Dir+SF_10_Sym+HY_10_Dir_12_L1_drop0.3_S2,18.3999,33.2336,37.6973,9.6991,33.9738,0.5332,2.1948,0.6568,44.5502,15.5578,0.7344,7.4523,19.8943,16.7541
baseline_degree_mix_mass_6_SF_10_Dir+SF_10_Sym+HY_10_Dir_12_L1_drop0.3_S1,18.3999,33.2336,37.6973,9.6991,33.9738,0.5332,2.1948,0.6568,44.5502,15.5578,0.7344,7.4523,19.8943,16.7541
baseline_degree_mix_mass_6_SF_10_Dir+SF_10_Sym+HY_10_Dir_16_L1_drop0.3_S2,31.5861,56.5754,63.0223,16.6654,58.4806,0.9170,3.8068,1.1244,74.9996,25.9367,1.2460,12.8206,34.4653,28.0716
baseline_degree_mix_mass_6_SF_10_Dir+SF_10_Sym+HY_10_Dir_16_L1_drop0.3_S3,31.5861,56.5754,63.0223,16.6654,58.4806,0.9170,3.8068,1.1244,74.9996,25.9367,1.2460,12.8206,34.4653,28.0716
baseline_degree_mix_mass_6_SF_10_Dir+SF_10_Sym+HY_10_Dir_16_L2_drop0.3_S1,48.2816,86.7128,97.1645,25.4666,89.3134,1.4008,5.7998,1.7203,115.3678,40.0246,1.9118,19.5835,52.5285,43.2480
baseline_degree_mix_mass_6_SF_10_Dir+SF_10_Sym+HY_10_Dir_32_L1_drop0.3_S1,120.0415,212.5773,230.8484,63.4150,223.0703,3.4935,14.6681,4.2575,277.4609,94.6223,4.6593,48.8656,132.5919,103.1518
baseline_degree_mix_mass_6_SF_10_Dir+SF_10_Sym+HY_10_Dir_32_L1_drop0.3_S2,120.0415,212.5773,230.8484,63.4150,223.0703,3.4935,14.6681,4.2575,277.4609,94.6223,4.6593,48.8656,132.5919,103.1518
baseline_degree_mix_mass_6_SF_10_Dir+SF_10_Sym+HY_10_Dir_8_L2_drop0.3_S3,13.2889,24.4825,28.9357,6.9893,24.3754,0.3833,1.5456,0.4775,33.6692,12.0155,0.5454,5.3542,14.0508,12.7974
baseline_degree_mix_mass_6_SF_10_Dir+SF_10_Sym+HY_10_Dir_32_L1_drop0.3_S3,120.0415,212.5773,230.8484,63.4150,223.0703,3.4935,14.6681,4.2575,277.4609,94.6223,4.6593,48.8656,132.5919,103.1518
baseline_degree_mix_mass_6_SF_10_Dir+SF_10_Sym+HY_10_Dir_8_L2_drop0.3_S2,13.2889,24.4825,28.9357,6.9893,24.3754,0.3833,1.5456,0.4775,33.6692,12.0155,0.5454,5.3542,14.0508,12.7974
baseline_degree_mix_mass_6_SF_10_Dir+SF_10_Sym+HY_10_Dir_8_L2_drop0.3_S1,13.2889,24.4825,28.9357,6.9893,24.3754,0.3833,1.5456,0.4775,33.6692,12.0155,0.5454,5.3542,14.0508,12.7974
baseline_degree_mix_mass_6_SF_10_Dir+SF_10_Sym+HY_10_Dir_16_L2_drop0.3_S3,48.2816,86.7128,97.1645,25.4666,89.3134,1.4008,5.7998,1.7203,115.3678,40.0246,1.9118,19.5835,52.5285,43.2480
baseline_degree_mix_mass_6_SF_10_Dir+SF_10_Sym+HY_10_Dir_16_L2_drop0.3_S2,48.2816,86.7128,97.1645,25.4666,89.3134,1.4008,5.7998,1.7203,115.3678,40.0246,1.9118,19.5835,52.5285,43.2480
baseline_degree_mix_mass_6_SF_10_Dir+SF_10_Sym+HY_10_Dir_32_L2_drop0.3_S1,184.1941,326.8070,356.4395,97.2850,342.0740,5.3583,22.4556,6.5369,427.6824,146.2027,7.1688,74.9440,203.0394,159.1838
baseline_degree_mix_mass_6_SF_10_Dir+SF_10_Sym+HY_10_Dir_32_L2_drop0.3_S2,184.1941,326.8070,356.4395,97.2850,342.0740,5.3583,22.4556,6.5369,427.6824,146.2027,7.1688,74.9440,203.0394,159.1838
baseline_degree_mix_mass_6_SF_10_Dir+SF_10_Sym+HY_10_Dir_8_drop0.3_S2,22.2972,41.1369,48.7572,11.7253,40.8796,0.6430,2.5886,0.8016,56.6734,20.2546,0.9169,8.9804,23.5373,21.5567
baseline_degree_mix_mass_6_SF_10_Dir+SF_10_Sym+HY_10_Dir_32_L2_drop0.3_S3,184.1941,326.8070,356.4395,97.2850,342.0740,5.3583,22.4556,6.5369,427.6824,146.2027,7.1688,74.9440,203.0394,159.1838
baseline_degree_mix_mass_6_SF_10_Dir+SF_10_Sym+HY_10_Dir_8_drop0.3_S1,22.2972,41.1369,48.7572,11.7253,40.8796,0.6430,2.5886,0.8016,56.6734,20.2546,0.9169,8.9804,23.5373,21.5567
baseline_degree_mix_mass_6_SF_10_Dir+SF_10_Sym+HY_10_Dir_12_drop0.3_S2,47.3151,85.8715,98.4035,24.9277,87.2249,1.3696,5.6101,1.6917,115.8405,40.6745,1.9014,19.1394,50.8859,43.6805
baseline_degree_mix_mass_6_SF_10_Dir+SF_10_Sym+HY_10_Dir_8_drop0.3_S3,22.2972,41.1369,48.7572,11.7253,40.8796,0.6430,2.5886,0.8016,56.6734,20.2546,0.9169,8.9804,23.5373,21.5567
baseline_degree_mix_mass_6_SF_10_Dir+SF_10_Sym+HY_10_Dir_12_drop0.3_S1,47.3151,85.8715,98.4035,24.9277,87.2249,1.3696,5.6101,1.6917,115.8405,40.6745,1.9014,19.1394,50.8859,43.6805
baseline_degree_mix_mass_6_SF_10_Dir+SF_10_Sym+HY_10_Dir_12_drop0.3_S3,47.3151,85.8715,98.4035,24.9277,87.2249,1.3696,5.6101,1.6917,115.8405,40.6745,1.9014,19.1394,50.8859,43.6805
baseline_degree_mix_mass_6_SF_10_Dir+SF_10_Sym+HY_10_Dir_16_drop0.3_S1,81.6726,146.9876,165.4489,43.0691,150.9789,2.3685,9.7858,2.9120,196.1043,68.2004,3.2435,33.1095,88.6548,73.6008
baseline_degree_mix_mass_6_SF_10_Dir+SF_10_Sym+HY_10_Dir_32_drop0.3_S1,312.4992,555.2663,607.6219,165.0250,580.0813,9.0879,38.0307,11.0957,728.1255,249.3634,12.1878,127.1009,343.9344,271.2479
baseline_degree_mix_mass_6_SF_10_Dir+SF_10_Sym+HY_10_Dir_16_drop0.3_S3,81.6726,146.9876,165.4489,43.0691,150.9789,2.3685,9.7858,2.9120,196.1043,68.2004,3.2435,33.1095,88.6548,73.6008
baseline_degree_mix_mass_6_SF_10_Dir+SF_10_Sym+HY_10_Dir_16_drop0.3_S2,81.6726,146.9876,165.4489,43.0691,150.9789,2.3685,9.7858,2.9120,196.1043,68.2004,3.2435,33.1095,88.6548,73.6008
baseline_degree_mix_mass_6_SF_10_Dir+SF_10_Sym+HY_10_Dir_32_drop0.3_S2,312.4992,555.2663,607.6219,165.0250,580.0813,9.0879,38.0307,11.0957,728.1255,249.3634,12.1878,127.1009,343.9344,271.2479
baseline_degree_mix_mass_6_SF_10_Dir+SF_10_Sym+HY_10_Dir_8_L6_drop0.3_S1,31.3055,57.7912,68.5787,16.4614,57.3838,0.9027,3.6316,1.1256,79.6776,28.4938,1.2884,12.6066,33.0238,30.3160
baseline_degree_mix_mass_6_SF_10_Dir+SF_10_Sym+HY_10_Dir_8_L6_drop0.3_S2,31.3055,57.7912,68.5787,16.4614,57.3838,0.9027,3.6316,1.1256,79.6776,28.4938,1.2884,12.6066,33.0238,30.3160
baseline_degree_mix_mass_6_SF_10_Dir+SF_10_Sym+HY_10_Dir_8_L6_drop0.3_S3,31.3055,57.7912,68.5787,16.4614,57.3838,0.9027,3.6316,1.1256,79.6776,28.4938,1.2884,12.6066,33.0238,30.3160
baseline_degree_mix_mass_6_SF_10_Dir+SF_10_Sym+HY_10_Dir_32_drop0.3_S3,312.4992,555.2663,607.6219,165.0250,580.0813,9.0879,38.0307,11.0957,728.1255,249.3634,12.1878,127.1009,343.9344,271.2479
baseline_degree_mix_mass_6_SF_10_Dir+SF_10_Sym+HY_10_Dir_12_L6_drop0.3_S1,66.5919,120.9634,138.8742,35.0801,122.7257,1.9271,7.8870,2.3816,163.3674,57.4190,2.6794,26.9308,71.5469,61.6314
baseline_degree_mix_mass_6_SF_10_Dir+SF_10_Sym+HY_10_Dir_12_L6_drop0.3_S3,66.5919,120.9634,138.8742,35.0801,122.7257,1.9271,7.8870,2.3816,163.3674,57.4190,2.6794,26.9308,71.5469,61.6314
baseline_degree_mix_mass_6_SF_10_Dir+SF_10_Sym+HY_10_Dir_16_L6_drop0.3_S2,115.0636,207.2624,233.7333,60.6715,212.6444,3.3362,13.7718,4.1037,276.8407,96.3762,4.5752,46.6354,124.7812,103.9537
baseline_degree_mix_mass_6_SF_10_Dir+SF_10_Sym+HY_10_Dir_16_L6_drop0.3_S3,115.0636,207.2624,233.7333,60.6715,212.6444,3.3362,13.7718,4.1037,276.8407,96.3762,4.5752,46.6354,124.7812,103.9537
baseline_degree_mix_mass_6_SF_10_Dir+SF_10_Sym+HY_10_Dir_12_L6_drop0.3_S2,66.5919,120.9634,138.8742,35.0801,122.7257,1.9271,7.8870,2.3816,163.3674,57.4190,2.6794,26.9308,71.5469,61.6314
baseline_degree_mix_mass_6_SF_10_Dir+SF_10_Sym+HY_10_Dir_16_L6_drop0.3_S1,115.0636,207.2624,233.7333,60.6715,212.6444,3.3362,13.7718,4.1037,276.8407,96.3762,4.5752,46.6354,124.7812,103.9537
baseline_degree_mix_mass_6_SF_10_Dir+SF_10_Sym+HY_10_Dir_32_L6_drop0.3_S3,440.8044,783.7257,858.8042,232.7649,818.0886,12.8175,53.6058,15.6544,1028.5685,352.5241,17.2068,179.2577,484.8293,383.3120
baseline_degree_mix_mass_6_SF_10_Dir+SF_10_Sym+HY_10_Dir_32_L6_drop0.3_S2,440.8044,783.7257,858.8042,232.7649,818.0886,12.8175,53.6058,15.6544,1028.5685,352.5241,17.2068,179.2577,484.8293,383.3120
baseline_degree_mix_mass_6_SF_10_Dir+SF_10_Sym+HY_10_Dir_32_L6_drop0.3_S1,440.8044,783.7257,858.8042,232.7649,818.0886,12.8175,53.6058,15.6544,1028.5685,352.5241,17.2068,179.2577,484.8293,383.3120
baseline_degree_mix_mass_6_SF_10_Dir+SF_10_Sym+HY_10_Dir_12_L2_drop0.3_S2_fusionadd,28.0383,50.7796,57.9327,14.7753,51.7242,0.8120,3.3333,1.0018,68.3136,23.9301,1.1234,11.3480,30.2248,25.7296
baseline_degree_mix_independent_6_SF_10_Dir+SF_10_Sym+HY_10_Dir_12_L2_drop0.3_S1,28.0383,50.7796,57.9327,14.7753,51.7242,0.8120,3.3333,1.0018,68.3136,23.9301,1.1234,11.3480,30.2248,25.7296
baseline_random_6_SF_10_Dir+SF_10_Sym+HY_10_Dir_12_L2_drop0.3_S3,27.7795,50.0054,56.3107,14.6488,51.3493,0.8056,3.3276,0.9905,66.7330,23.2136,1.1035,11.2610,30.1476,25.0488
baseline_degree_mix_independent_6_SF_10_Dir+SF_10_Sym+HY_10_Dir_12_L2_drop0.3_S3,28.0383,50.7796,57.9327,14.7753,51.7242,0.8120,3.3333,1.0018,68.3136,23.9301,1.1234,11.3480,30.2248,25.7296
baseline_degree_mix_independent_6_SF_10_Dir+SF_10_Sym+HY_10_Dir_12_L2_drop0.3_S2,28.0383,50.7796,57.9327,14.7753,51.7242,0.8120,3.3333,1.0018,68.3136,23.9301,1.1234,11.3480,30.2248,25.7296
baseline_random_6_SF_10_Dir+SF_10_Sym+HY_10_Dir_12_L2_drop0.3_S1,27.7795,50.0054,56.3107,14.6488,51.3493,0.8056,3.3276,0.9905,66.7330,23.2136,1.1035,11.2610,30.1476,25.0488
baseline_random_6_SF_10_Dir+SF_10_Sym+HY_10_Dir_12_L2_drop0.3_S2,27.7795,50.0054,56.3107,14.6488,51.3493,0.8056,3.3276,0.9905,66.7330,23.2136,1.1035,11.2610,30.1476,25.0488
